{
  "annotations": {
    "list": [
      {
        "builtIn": 1,
        "datasource": {
          "type": "grafana",
          "uid": "-- Grafana --"
        },
        "enable": true,
        "hide": true,
        "iconColor": "rgba(0, 211, 255, 1)",
        "name": "Annotations & Alerts",
        "target": {
          "limit": 100,
          "matchAny": false,
          "tags": [],
          "type": "dashboard"
        },
        "type": "dashboard"
      }
    ]
  },
  "description": "Notes: critical(1) severity is the same value for NS and XS, and that is why there is only one query for critical",
  "editable": true,
  "fiscalYearStartMonth": 0,
  "graphTooltip": 0,
  "id": 137,
  "links": [],
  "panels": [
    {
      "datasource": {
        "type": "loki",
        "uid": "samm-loki"
      },
      "fieldConfig": {
        "defaults": {
          "color": {
            "fixedColor": "#707070",
            "mode": "fixed"
          },
          "mappings": [],
          "noValue": "0",
          "thresholds": {
            "mode": "absolute",
            "steps": [
              {
                "color": "green",
                "value": 0
              },
              {
                "color": "red",
                "value": 80
              }
            ]
          }
        },
        "overrides": []
      },
      "gridPos": {
        "h": 5,
        "w": 4,
        "x": 0,
        "y": 0
      },
      "id": 4,
      "options": {
        "colorMode": "background",
        "graphMode": "area",
        "justifyMode": "auto",
        "orientation": "auto",
        "percentChangeColorMode": "standard",
        "reduceOptions": {
          "calcs": [
            "count"
          ],
          "fields": "/^6$/",
          "values": false
        },
        "showPercentChange": false,
        "textMode": "auto",
        "wideLayout": true
      },
      "pluginVersion": "12.2.0-17027759091",
      "targets": [
        {
          "datasource": {
            "type": "loki",
            "uid": "samm-loki"
          },
          "direction": "backward",
          "editorMode": "code",
          "expr": "count_over_time({service_name=\"loki.source.snmp\", samm_severity=\"6\"} [$__auto])",
          "legendFormat": "{{samm_severity}}",
          "queryType": "range",
          "refId": "A"
        }
      ],
      "title": "Unknown",
      "transformations": [
        {
          "id": "joinByLabels",
          "options": {
            "value": "samm_severity"
          }
        },
        {
          "id": "organize",
          "options": {
            "excludeByName": {
              "component": true,
              "detected_level": true,
              "protocol": true,
              "service_name": true,
              "snmptrapd_category": true,
              "snmptrapd_mibtype": true,
              "snmptrapd_sourceip": true
            },
            "includeByName": {},
            "indexByName": {},
            "renameByName": {}
          }
        }
      ],
      "type": "stat"
    },
    {
      "datasource": {
        "type": "loki",
        "uid": "samm-loki"
      },
      "fieldConfig": {
        "defaults": {
          "color": {
            "fixedColor": "semi-dark-blue",
            "mode": "fixed"
          },
          "mappings": [],
          "noValue": "0",
          "thresholds": {
            "mode": "absolute",
            "steps": [
              {
                "color": "green",
                "value": 0
              }
            ]
          }
        },
        "overrides": []
      },
      "gridPos": {
        "h": 5,
        "w": 4,
        "x": 4,
        "y": 0
      },
      "id": 6,
      "options": {
        "colorMode": "background_solid",
        "graphMode": "area",
        "justifyMode": "auto",
        "orientation": "auto",
        "percentChangeColorMode": "standard",
        "reduceOptions": {
          "calcs": [
            "sum"
          ],
          "fields": "",
          "values": false
        },
        "showPercentChange": false,
        "textMode": "auto",
        "wideLayout": true
      },
      "pluginVersion": "12.2.0-17027759091",
      "targets": [
        {
          "datasource": {
            "type": "loki",
            "uid": "samm-loki"
          },
          "direction": "backward",
          "editorMode": "code",
          "expr": "count_over_time({service_name=\"loki.source.snmp\", samm_severity=\"5\"} [$__auto])",
          "hide": false,
          "legendFormat": "{{samm_severity}}",
          "queryType": "range",
          "refId": "xenserver"
        }
      ],
      "title": "Informational",
      "transformations": [
        {
          "id": "calculateField",
          "options": {
            "mode": "reduceRow",
            "reduce": {
              "include": [],
              "reducer": "sum"
            },
            "replaceFields": true
          }
        }
      ],
      "type": "stat"
    },
    {
      "datasource": {
        "type": "loki",
        "uid": "samm-loki"
      },
      "fieldConfig": {
        "defaults": {
          "color": {
            "fixedColor": "dark-green",
            "mode": "fixed"
          },
          "mappings": [],
          "noValue": "0",
          "thresholds": {
            "mode": "absolute",
            "steps": [
              {
                "color": "green",
                "value": 0
              }
            ]
          }
        },
        "overrides": []
      },
      "gridPos": {
        "h": 5,
        "w": 4,
        "x": 8,
        "y": 0
      },
      "id": 9,
      "options": {
        "colorMode": "background_solid",
        "graphMode": "area",
        "justifyMode": "auto",
        "orientation": "auto",
        "percentChangeColorMode": "standard",
        "reduceOptions": {
          "calcs": [
            "sum"
          ],
          "fields": "",
          "values": false
        },
        "showPercentChange": false,
        "textMode": "auto",
        "wideLayout": true
      },
      "pluginVersion": "12.2.0-17027759091",
      "targets": [
        {
          "datasource": {
            "type": "loki",
            "uid": "samm-loki"
          },
          "direction": "backward",
          "editorMode": "code",
          "expr": "count_over_time({service_name=\"loki.source.snmp\", samm_severity=\"4\"} [$__auto])",
          "hide": false,
          "legendFormat": "{{samm_severity}}",
          "queryType": "range",
          "refId": "xenserver",
          "step": ""
        }
      ],
      "title": "Warning",
      "transformations": [
        {
          "id": "calculateField",
          "options": {
            "mode": "reduceRow",
            "reduce": {
              "include": [],
              "reducer": "sum"
            },
            "replaceFields": true
          }
        }
      ],
      "type": "stat"
    },
    {
      "datasource": {
        "type": "loki",
        "uid": "samm-loki"
      },
      "fieldConfig": {
        "defaults": {
          "color": {
            "fixedColor": "dark-yellow",
            "mode": "fixed"
          },
          "mappings": [],
          "noValue": "0",
          "thresholds": {
            "mode": "absolute",
            "steps": [
              {
                "color": "green",
                "value": 0
              },
              {
                "color": "red",
                "value": 80
              }
            ]
          }
        },
        "overrides": []
      },
      "gridPos": {
        "h": 5,
        "w": 4,
        "x": 12,
        "y": 0
      },
      "id": 3,
      "options": {
        "colorMode": "background_solid",
        "graphMode": "area",
        "justifyMode": "auto",
        "orientation": "auto",
        "percentChangeColorMode": "standard",
        "reduceOptions": {
          "calcs": [
            "sum"
          ],
          "fields": "",
          "values": false
        },
        "showPercentChange": false,
        "textMode": "auto",
        "wideLayout": true
      },
      "pluginVersion": "12.2.0-17027759091",
      "targets": [
        {
          "datasource": {
            "type": "loki",
            "uid": "samm-loki"
          },
          "direction": "backward",
          "editorMode": "code",
          "expr": "count_over_time({service_name=\"loki.source.snmp\", samm_severity=\"3\"} [$__auto])",
          "legendFormat": "{{samm_severity}}",
          "queryType": "range",
          "refId": "A"
        }
      ],
      "title": "Minor alerts",
      "type": "stat"
    },
    {
      "datasource": {
        "type": "loki",
        "uid": "samm-loki"
      },
      "fieldConfig": {
        "defaults": {
          "color": {
            "fixedColor": "orange",
            "mode": "fixed"
          },
          "mappings": [],
          "noValue": "0",
          "thresholds": {
            "mode": "absolute",
            "steps": [
              {
                "color": "green",
                "value": 0
              },
              {
                "color": "red",
                "value": 80
              }
            ]
          }
        },
        "overrides": []
      },
      "gridPos": {
        "h": 5,
        "w": 4,
        "x": 16,
        "y": 0
      },
      "id": 10,
      "options": {
        "colorMode": "background_solid",
        "graphMode": "area",
        "justifyMode": "auto",
        "orientation": "auto",
        "percentChangeColorMode": "standard",
        "reduceOptions": {
          "calcs": [
            "sum"
          ],
          "fields": "",
          "values": false
        },
        "showPercentChange": false,
        "textMode": "auto",
        "wideLayout": true
      },
      "pluginVersion": "12.2.0-17027759091",
      "targets": [
        {
          "datasource": {
            "type": "loki",
            "uid": "samm-loki"
          },
          "direction": "backward",
          "editorMode": "code",
          "expr": "count_over_time({service_name=\"loki.source.snmp\", samm_severity=\"2\"} [$__auto])",
          "legendFormat": "{{samm_severity}}",
          "queryType": "range",
          "refId": "netscaler"
        }
      ],
      "title": "Major",
      "type": "stat"
    },
    {
      "datasource": {
        "type": "loki",
        "uid": "samm-loki"
      },
      "fieldConfig": {
        "defaults": {
          "color": {
            "fixedColor": "red",
            "mode": "fixed"
          },
          "mappings": [],
          "noValue": "0",
          "thresholds": {
            "mode": "absolute",
            "steps": [
              {
                "color": "green",
                "value": 0
              },
              {
                "color": "red",
                "value": 80
              }
            ]
          }
        },
        "overrides": []
      },
      "gridPos": {
        "h": 5,
        "w": 4,
        "x": 20,
        "y": 0
      },
      "id": 1,
      "options": {
        "colorMode": "background_solid",
        "graphMode": "area",
        "justifyMode": "auto",
        "orientation": "auto",
        "percentChangeColorMode": "standard",
        "reduceOptions": {
          "calcs": [
            "sum"
          ],
          "fields": "",
          "values": false
        },
        "showPercentChange": false,
        "textMode": "auto",
        "wideLayout": true
      },
      "pluginVersion": "12.2.0-17027759091",
      "targets": [
        {
          "datasource": {
            "type": "loki",
            "uid": "samm-loki"
          },
          "direction": "backward",
          "editorMode": "code",
          "expr": "count_over_time({service_name=\"loki.source.snmp\", samm_severity=\"1\"} [$__auto])",
          "legendFormat": "",
          "queryType": "range",
          "refId": "netscaler"
        }
      ],
      "title": "Critical",
      "type": "stat"
    },
    {
      "datasource": {
        "type": "loki",
        "uid": "samm-loki"
      },
      "fieldConfig": {
        "defaults": {},
        "overrides": []
      },
      "gridPos": {
        "h": 16,
        "w": 15,
        "x": 0,
        "y": 5
      },
      "id": 7,
      "options": {
        "dedupStrategy": "none",
        "enableInfiniteScrolling": false,
        "enableLogDetails": true,
        "prettifyLogMessage": false,
        "showCommonLabels": false,
        "showLabels": false,
        "showTime": true,
        "sortOrder": "Descending",
        "wrapLogMessage": true
      },
      "pluginVersion": "12.2.0-17027759091",
      "targets": [
        {
          "datasource": {
            "type": "loki",
            "uid": "samm-loki"
          },
          "direction": "backward",
          "editorMode": "code",
          "expr": "{snmptrapd_sourceip=~\"$sourceip\", samm_severity=~\"$severity\", component=\"loki.source.snmp\"} |~ `$free_form_filter`",
          "queryType": "range",
          "refId": "A"
        }
      ],
      "title": "SNMP Traps",
      "type": "logs"
    },
    {
      "datasource": {
        "type": "loki",
        "uid": "samm-loki"
      },
      "fieldConfig": {
        "defaults": {
          "color": {
            "mode": "palette-classic"
          },
          "custom": {
            "axisBorderShow": false,
            "axisCenteredZero": false,
            "axisColorMode": "text",
            "axisLabel": "",
            "axisPlacement": "auto",
            "barAlignment": 0,
            "barWidthFactor": 0.6,
            "drawStyle": "line",
            "fillOpacity": 54,
            "gradientMode": "hue",
            "hideFrom": {
              "legend": false,
              "tooltip": false,
              "viz": false
            },
            "insertNulls": 3600000,
            "lineInterpolation": "linear",
            "lineWidth": 1,
            "pointSize": 3,
            "scaleDistribution": {
              "type": "linear"
            },
            "showPoints": "auto",
            "spanNulls": 3600000,
            "stacking": {
              "group": "A",
              "mode": "normal"
            },
            "thresholdsStyle": {
              "mode": "off"
            }
          },
          "mappings": [],
          "thresholds": {
            "mode": "absolute",
            "steps": [
              {
                "color": "green",
                "value": 0
              },
              {
                "color": "red",
                "value": 80
              }
            ]
          }
        },
        "overrides": [
          {
            "matcher": {
              "id": "byName",
              "options": "tot1"
            },
            "properties": [
              {
                "id": "color",
                "value": {
                  "fixedColor": "dark-red",
                  "mode": "fixed"
                }
              },
              {
                "id": "displayName",
                "value": "Critical(1)"
              }
            ]
          },
          {
            "matcher": {
              "id": "byName",
              "options": "tot2"
            },
            "properties": [
              {
                "id": "color",
                "value": {
                  "fixedColor": "dark-orange",
                  "mode": "fixed"
                }
              },
              {
                "id": "displayName",
                "value": "Major(2)"
              }
            ]
          },
          {
            "matcher": {
              "id": "byName",
              "options": "tot3"
            },
            "properties": [
              {
                "id": "color",
                "value": {
                  "fixedColor": "dark-yellow",
                  "mode": "fixed"
                }
              },
              {
                "id": "displayName",
                "value": "Minor(3)"
              }
            ]
          },
          {
            "matcher": {
              "id": "byName",
              "options": "tot4"
            },
            "properties": [
              {
                "id": "color",
                "value": {
                  "fixedColor": "dark-green",
                  "mode": "fixed"
                }
              },
              {
                "id": "displayName",
                "value": "Warning(4)"
              }
            ]
          },
          {
            "matcher": {
              "id": "byName",
              "options": "tot5"
            },
            "properties": [
              {
                "id": "color",
                "value": {
                  "fixedColor": "dark-blue",
                  "mode": "fixed"
                }
              },
              {
                "id": "displayName",
                "value": "Information(5)"
              }
            ]
          },
          {
            "matcher": {
              "id": "byName",
              "options": "tot6"
            },
            "properties": [
              {
                "id": "color",
                "value": {
                  "fixedColor": "#808080",
                  "mode": "fixed"
                }
              },
              {
                "id": "displayName",
                "value": "Unknown(6)"
              }
            ]
          }
        ]
      },
      "gridPos": {
        "h": 7,
        "w": 9,
        "x": 15,
        "y": 5
      },
      "id": 8,
      "options": {
        "legend": {
          "calcs": [],
          "displayMode": "list",
          "placement": "right",
          "showLegend": true,
          "sortBy": "Name",
          "sortDesc": false
        },
        "tooltip": {
          "hideZeros": false,
          "mode": "single",
          "sort": "none"
        }
      },
      "pluginVersion": "12.2.0-17027759091",
      "targets": [
        {
          "datasource": {
            "type": "loki",
            "uid": "samm-loki"
          },
          "direction": "backward",
          "editorMode": "code",
          "expr": "(count_over_time({service_name=\"loki.source.snmp\"} [$__interval]))",
          "legendFormat": "{{samm_severity}}",
          "queryType": "range",
          "refId": "A"
        }
      ],
      "title": "Alerts by severity",
      "transformations": [
        {
          "id": "calculateField",
          "options": {
            "alias": "tot6",
            "binary": {
              "left": {
                "fixed": ""
              },
              "right": {
                "fixed": ""
              }
            },
            "mode": "reduceRow",
            "reduce": {
              "include": [
                "6"
              ],
              "reducer": "sum"
            },
            "replaceFields": false
          }
        },
        {
          "id": "calculateField",
          "options": {
            "alias": "tot5",
            "mode": "reduceRow",
            "reduce": {
              "include": [
                "5"
              ],
              "reducer": "sum"
            }
          }
        },
        {
          "id": "calculateField",
          "options": {
            "alias": "tot4",
            "mode": "reduceRow",
            "reduce": {
              "include": [
                "4"
              ],
              "reducer": "sum"
            }
          }
        },
        {
          "id": "calculateField",
          "options": {
            "alias": "tot3",
            "mode": "reduceRow",
            "reduce": {
              "include": [
                "3"
              ],
              "reducer": "sum"
            }
          }
        },
        {
          "id": "calculateField",
          "options": {
            "alias": "tot2",
            "mode": "reduceRow",
            "reduce": {
              "include": [
                "2"
              ],
              "reducer": "sum"
            }
          }
        },
        {
          "id": "calculateField",
          "options": {
            "alias": "tot1",
            "mode": "reduceRow",
            "reduce": {
              "include": [
                "1"
              ],
              "reducer": "sum"
            }
          }
        },
        {
          "id": "organize",
          "options": {
            "excludeByName": {
              "1": true,
              "2": true,
              "3": true,
              "4": true,
              "5": true,
              "6": true,
              "Time": false
            },
            "includeByName": {},
            "indexByName": {},
            "renameByName": {
              "tot6": ""
            }
          }
        }
      ],
      "type": "timeseries"
    }
  ],
  "preload": false,
  "schemaVersion": 41,
  "tags": [],
  "templating": {
    "list": [
      {
        "current": {
          "text": "All",
          "value": "$__all"
        },
        "datasource": {
          "type": "loki",
          "uid": "samm-loki"
        },
        "definition": "",
        "includeAll": true,
        "label": "Source IP",
        "name": "sourceip",
        "options": [],
        "query": {
          "label": "snmptrapd_sourceip",
          "refId": "LokiVariableQueryEditor-VariableQuery",
          "stream": "",
          "type": 1
        },
        "refresh": 1,
        "regex": "",
        "type": "query"
      },
      {
        "current": {
          "text": "All",
          "value": "$__all"
        },
        "datasource": {
          "type": "loki",
          "uid": "samm-loki"
        },
        "definition": "",
        "includeAll": true,
        "label": "Severity",
        "name": "severity",
        "options": [],
        "query": {
          "label": "samm_severity",
          "refId": "LokiVariableQueryEditor-VariableQuery",
          "stream": "",
          "type": 1
        },
        "refresh": 1,
        "regex": "",
        "type": "query"
      },
      {
        "current": {
          "text": "All",
          "value": "$__all"
        },
        "includeAll": true,
        "label": "Text Filter",
        "name": "free_form_filter",
        "options": [],
        "query": "",
        "refresh": 1,
        "regex": "",
        "type": "query"
      },
      {
        "baseFilters": [],
        "datasource": {
          "type": "loki",
          "uid": "samm-loki"
        },
        "filters": [],
        "name": "Filters",
        "type": "adhoc"
      }
    ]
  },
  "time": {
    "from": "now-5m",
    "to": "now"
  },
  "timepicker": {},
  "timezone": "browser",
  "title": "SNMP Alerts",
  "uid": "7627ff75-35c2-4b64-b667-snmpalerts-00000",
  "version": 6
}