{
  "annotations": {
    "list": [
      {
        "builtIn": 1,
        "datasource": {
          "type": "datasource",
          "uid": "grafana"
        },
        "enable": true,
        "hide": true,
        "iconColor": "rgba(0, 211, 255, 1)",
        "name": "Annotations & Alerts",
        "type": "dashboard"
      },
      {
        "datasource": {
          "type": "loki",
          "uid": "a3b388bb-5990-45ca-a5b5-0bca47387fe1"
        },
        "enable": false,
        "expr": "{component=\"loki.source.syslog\"} |=\"DNS request timed out\"",
        "hide": false,
        "iconColor": "#C4162A",
        "limit": 100,
        "name": "DNS Timeout",
        "showIn": 0,
        "tags": [],
        "target": {},
        "type": "tags"
      }
    ]
  },
  "description": "Syslog Dashboard",
  "editable": true,
  "fiscalYearStartMonth": 0,
  "graphTooltip": 0,
  "id": 139,
  "links": [
    {
      "asDropdown": true,
      "icon": "external link",
      "keepTime": true,
      "tags": [
        "performance_overview"
      ],
      "title": "Performance Overview",
      "type": "dashboards"
    }
  ],
  "panels": [
    {
      "datasource": {
        "type": "loki",
        "uid": "a3b388bb-5990-45ca-a5b5-0bca47387fe1"
      },
      "description": "",
      "fieldConfig": {
        "defaults": {},
        "overrides": []
      },
      "gridPos": {
        "h": 16,
        "w": 14,
        "x": 0,
        "y": 0
      },
      "id": 5,
      "options": {
        "dedupStrategy": "none",
        "enableInfiniteScrolling": false,
        "enableLogDetails": true,
        "prettifyLogMessage": false,
        "showCommonLabels": false,
        "showLabels": true,
        "showTime": true,
        "sortOrder": "Descending",
        "wrapLogMessage": true
      },
      "pluginVersion": "12.2.0-17027759091",
      "targets": [
        {
          "datasource": {
            "type": "loki",
            "uid": "a3b388bb-5990-45ca-a5b5-0bca47387fe1"
          },
          "direction": "backward",
          "editorMode": "builder",
          "expr": "{hostname=~\"$hostname\", component=\"loki.source.syslog\"} |~ `$filter` |~ `$free_form_filter`",
          "legendFormat": "",
          "queryType": "range",
          "refId": "A"
        }
      ],
      "title": "Logs By Host - \"$filter\" - \"$free_form_filter\" (Filtered)",
      "type": "logs"
    },
    {
      "datasource": {
        "type": "loki",
        "uid": "a3b388bb-5990-45ca-a5b5-0bca47387fe1"
      },
      "fieldConfig": {
        "defaults": {
          "color": {
            "mode": "palette-classic"
          },
          "custom": {
            "axisBorderShow": false,
            "axisCenteredZero": false,
            "axisColorMode": "text",
            "axisLabel": "",
            "axisPlacement": "auto",
            "barAlignment": 0,
            "barWidthFactor": 0.6,
            "drawStyle": "line",
            "fillOpacity": 60,
            "gradientMode": "opacity",
            "hideFrom": {
              "legend": false,
              "tooltip": false,
              "viz": false
            },
            "insertNulls": false,
            "lineInterpolation": "linear",
            "lineWidth": 1,
            "pointSize": 5,
            "scaleDistribution": {
              "type": "linear"
            },
            "showPoints": "never",
            "spanNulls": false,
            "stacking": {
              "group": "A",
              "mode": "normal"
            },
            "thresholdsStyle": {
              "mode": "off"
            }
          },
          "mappings": [],
          "thresholds": {
            "mode": "absolute",
            "steps": [
              {
                "color": "green",
                "value": 0
              }
            ]
          },
          "unit": "short"
        },
        "overrides": [
          {
            "matcher": {
              "id": "byValue",
              "options": {
                "op": "gte",
                "reducer": "allIsZero",
                "value": 0
              }
            },
            "properties": [
              {
                "id": "custom.hideFrom",
                "value": {
                  "legend": true,
                  "tooltip": true,
                  "viz": false
                }
              }
            ]
          },
          {
            "matcher": {
              "id": "byValue",
              "options": {
                "op": "gte",
                "reducer": "allIsNull",
                "value": 0
              }
            },
            "properties": [
              {
                "id": "custom.hideFrom",
                "value": {
                  "legend": true,
                  "tooltip": true,
                  "viz": false
                }
              }
            ]
          },
          {
            "matcher": {
              "id": "byName",
              "options": "netscaler"
            },
            "properties": [
              {
                "id": "color",
                "value": {
                  "fixedColor": "semi-dark-orange",
                  "mode": "fixed"
                }
              }
            ]
          },
          {
            "matcher": {
              "id": "byName",
              "options": "xenserver"
            },
            "properties": [
              {
                "id": "color",
                "value": {
                  "fixedColor": "semi-dark-blue",
                  "mode": "fixed"
                }
              }
            ]
          }
        ]
      },
      "gridPos": {
        "h": 8,
        "w": 10,
        "x": 14,
        "y": 0
      },
      "id": 6,
      "interval": "$smooth",
      "options": {
        "alertThreshold": true,
        "legend": {
          "calcs": [
            "mean",
            "sum"
          ],
          "displayMode": "table",
          "placement": "right",
          "showLegend": true
        },
        "tooltip": {
          "hideZeros": false,
          "mode": "multi",
          "sort": "desc"
        }
      },
      "pluginVersion": "12.2.0-17027759091",
      "targets": [
        {
          "datasource": {
            "type": "loki",
            "uid": "a3b388bb-5990-45ca-a5b5-0bca47387fe1"
          },
          "direction": "backward",
          "editorMode": "code",
          "expr": "sum by(hostname) (count_over_time({component=\"loki.source.syslog\"}  |~ `$filter` |~ `$free_form_filter` [$__auto]))",
          "legendFormat": "{{hostname}}",
          "queryType": "range",
          "refId": "A"
        }
      ],
      "title": "Log Line Counts By Host (Unfiltered)",
      "type": "timeseries"
    }
  ],
  "preload": false,
  "refresh": "30s",
  "schemaVersion": 41,
  "tags": [
    "syslog"
  ],
  "templating": {
    "list": [
      {
        "current": {
          "text": "All",
          "value": "$__all"
        },
        "datasource": {
          "type": "loki",
          "uid": "a3b388bb-5990-45ca-a5b5-0bca47387fe1"
        },
        "definition": "",
        "includeAll": true,
        "label": "Host",
        "name": "hostname",
        "options": [],
        "query": {
          "label": "hostname",
          "refId": "LokiVariableQueryEditor-VariableQuery",
          "stream": "",
          "type": 1
        },
        "refresh": 1,
        "regex": "",
        "type": "query"
      },
      {
        "current": {
          "text": "$__all",
          "value": "$__all"
        },
        "includeAll": true,
        "label": "Severity",
        "name": "filter",
        "options": [
          {
            "selected": false,
            "text": "info",
            "value": "info"
          },
          {
            "selected": false,
            "text": "debug",
            "value": "debug"
          },
          {
            "selected": false,
            "text": "warn",
            "value": "warn"
          },
          {
            "selected": false,
            "text": "error",
            "value": "error"
          },
          {
            "selected": false,
            "text": "critical",
            "value": "critical"
          }
        ],
        "query": "info,debug,warn,error,critical",
        "type": "custom"
      },
      {
        "current": {
          "text": "1m",
          "value": "1m"
        },
        "includeAll": false,
        "label": "Smooth",
        "name": "smooth",
        "options": [
          {
            "selected": false,
            "text": "30s",
            "value": "30s"
          },
          {
            "selected": true,
            "text": "1m",
            "value": "1m"
          },
          {
            "selected": false,
            "text": "2m",
            "value": "2m"
          },
          {
            "selected": false,
            "text": "5m",
            "value": "5m"
          },
          {
            "selected": false,
            "text": "10m",
            "value": "10m"
          },
          {
            "selected": false,
            "text": "15m",
            "value": "15m"
          },
          {
            "selected": false,
            "text": "30m",
            "value": "30m"
          },
          {
            "selected": false,
            "text": "1h",
            "value": "1h"
          },
          {
            "selected": false,
            "text": "2h",
            "value": "2h"
          }
        ],
        "query": "30s,1m,2m,5m,10m,15m,30m,1h,2h",
        "type": "custom"
      },
      {
        "current": {
          "text": "$__all",
          "value": "$__all"
        },
        "includeAll": true,
        "label": "Text filter",
        "name": "free_form_filter",
        "options": [],
        "query": "",
        "type": "custom"
      }
    ]
  },
  "time": {
    "from": "now-5m",
    "to": "now"
  },
  "timepicker": {},
  "timezone": "",
  "title": "SYSLOG Dashboard",
  "uid": "627b7634-2d98-4fc4-34567890-syslog-00000",
  "version": 4
}