{
  "annotations": {
    "list": [
      {
        "builtIn": 1,
        "datasource": {
          "type": "grafana",
          "uid": "-- Grafana --"
        },
        "enable": true,
        "hide": true,
        "iconColor": "rgba(0, 211, 255, 1)",
        "name": "Annotations & Alerts",
        "type": "dashboard"
      }
    ]
  },
  "editable": true,
  "fiscalYearStartMonth": 0,
  "graphTooltip": 0,
  "id": 62,
  "links": [],
  "liveNow": true,
  "panels": [
    {
      "datasource": {
        "type": "prometheus",
        "uid": "${ds_samm_prometheus}"
      },
      "fieldConfig": {
        "defaults": {
          "color": {
            "mode": "thresholds"
          },
          "links": [
            {
              "title": "XS Pool Info",
              "url": "/d/xs-pool-info-prod/xs-pool-info-prod?orgId=1&var-xen_pool_uuid=${__field.labels.uuid}"
            }
          ],
          "mappings": [],
          "thresholds": {
            "mode": "absolute",
            "steps": [
              {
                "color": "semi-dark-blue"
              },
              {
                "color": "red",
                "value": 80
              }
            ]
          }
        },
        "overrides": []
      },
      "gridPos": {
        "h": 4,
        "w": 24,
        "x": 0,
        "y": 0
      },
      "id": 12,
      "maxPerRow": 4,
      "options": {
        "colorMode": "background",
        "graphMode": "none",
        "justifyMode": "center",
        "orientation": "auto",
        "percentChangeColorMode": "standard",
        "reduceOptions": {
          "calcs": [
            "lastNotNull"
          ],
          "fields": "",
          "values": false
        },
        "showPercentChange": false,
        "textMode": "name",
        "wideLayout": true
      },
      "pluginVersion": "12.0.2",
      "repeat": "xen_pool_uuid",
      "repeatDirection": "h",
      "targets": [
        {
          "datasource": {
            "type": "prometheus",
            "uid": "${ds_samm_prometheus}"
          },
          "disableTextWrap": false,
          "editorMode": "builder",
          "exemplar": false,
          "expr": "xen_pool_info{uuid=\"$xen_pool_uuid\"}",
          "format": "time_series",
          "fullMetaSearch": false,
          "includeNullMetadata": true,
          "instant": true,
          "legendFormat": "{{name_label}}",
          "range": false,
          "refId": "A",
          "useBackend": false
        }
      ],
      "title": "$xen_pool_uuid",
      "type": "stat"
    },
    {
      "datasource": {
        "type": "prometheus",
        "uid": "${ds_samm_prometheus}"
      },
      "fieldConfig": {
        "defaults": {
          "color": {
            "mode": "thresholds"
          },
          "links": [
            {
              "targetBlank": false,
              "title": "XS Host Info",
              "url": "/d/xs-host-info-prod/xs-host-info-prod?orgId=1&var-xen_host_hostname=${__field.labels.host_name_label}"
            }
          ],
          "mappings": [
            {
              "options": {
                "1": {
                  "index": 0,
                  "text": "Running"
                }
              },
              "type": "value"
            }
          ],
          "thresholds": {
            "mode": "absolute",
            "steps": [
              {
                "color": "light-blue"
              },
              {
                "color": "red",
                "value": 80
              }
            ]
          }
        },
        "overrides": []
      },
      "gridPos": {
        "h": 10,
        "w": 24,
        "x": 0,
        "y": 4
      },
      "id": 4,
      "maxPerRow": 4,
      "options": {
        "colorMode": "background",
        "graphMode": "none",
        "justifyMode": "center",
        "orientation": "auto",
        "percentChangeColorMode": "standard",
        "reduceOptions": {
          "calcs": [
            "lastNotNull"
          ],
          "fields": "",
          "values": false
        },
        "showPercentChange": false,
        "text": {
          "titleSize": 12,
          "valueSize": 24
        },
        "textMode": "value_and_name",
        "wideLayout": true
      },
      "pluginVersion": "12.0.2",
      "repeat": "xen_pool_uuid",
      "repeatDirection": "h",
      "targets": [
        {
          "datasource": {
            "type": "prometheus",
            "uid": "${ds_samm_prometheus}"
          },
          "disableTextWrap": false,
          "editorMode": "code",
          "exemplar": false,
          "expr": "count by (host_name_label) (\r\n    xen_vm_info\r\n    * on (resident_on) group_left (host_name_label) (\r\n        label_replace (\r\n            label_replace ( \r\n                xen_host_info{pool_uuid=\"$xen_pool_uuid\"}\r\n                , \"host_name_label\", \"$1\" , \"name_label\", \"(.*)\"\r\n            )\r\n            , \"resident_on\" , \"$1\", \"uuid\" , \"(.*)\"\r\n        )\r\n    )\r\n)",
          "format": "time_series",
          "fullMetaSearch": false,
          "includeNullMetadata": true,
          "instant": true,
          "legendFormat": "{{name_label}}",
          "range": false,
          "refId": "A",
          "useBackend": false
        }
      ],
      "title": "Hosts Running in $xen_pool_uuid",
      "type": "stat"
    },
    {
      "datasource": {
        "type": "prometheus",
        "uid": "${ds_samm_prometheus}"
      },
      "fieldConfig": {
        "defaults": {
          "color": {
            "mode": "thresholds"
          },
          "links": [
            {
              "title": "Go to the Host",
              "url": "/d/xs-host-info-prod/xs-host-info-prod?orgId=1&var-xen_host_uuid=${__field.labels.uuid} "
            }
          ],
          "mappings": [],
          "max": 1,
          "min": 0,
          "thresholds": {
            "mode": "absolute",
            "steps": [
              {
                "color": "green"
              },
              {
                "color": "#EAB839",
                "value": 0.85
              },
              {
                "color": "red",
                "value": 0.95
              }
            ]
          },
          "unit": "percentunit"
        },
        "overrides": []
      },
      "gridPos": {
        "h": 13,
        "w": 7,
        "x": 0,
        "y": 14
      },
      "id": 13,
      "options": {
        "displayMode": "lcd",
        "legend": {
          "calcs": [],
          "displayMode": "list",
          "placement": "bottom",
          "showLegend": false
        },
        "maxVizHeight": 16,
        "minVizHeight": 16,
        "minVizWidth": 8,
        "namePlacement": "auto",
        "orientation": "horizontal",
        "reduceOptions": {
          "calcs": [
            "lastNotNull"
          ],
          "fields": "",
          "values": false
        },
        "showUnfilled": true,
        "sizing": "manual",
        "text": {
          "titleSize": 12,
          "valueSize": 12
        },
        "valueMode": "color"
      },
      "pluginVersion": "12.0.1",
      "targets": [
        {
          "datasource": {
            "type": "prometheus",
            "uid": "${ds_samm_prometheus}"
          },
          "disableTextWrap": false,
          "editorMode": "code",
          "expr": "(1- (xen_host_memory_free_kib / xen_host_memory_total_kib))>($memory_threshold/100)",
          "fullMetaSearch": false,
          "includeNullMetadata": true,
          "instant": false,
          "legendFormat": "{{name_label}}",
          "range": true,
          "refId": "A",
          "useBackend": false
        }
      ],
      "title": "Hosts with allocated RAM > $memory_threshold%",
      "type": "bargauge"
    },
    {
      "datasource": {
        "type": "prometheus",
        "uid": "${ds_samm_prometheus}"
      },
      "fieldConfig": {
        "defaults": {
          "color": {
            "mode": "thresholds"
          },
          "links": [
            {
              "title": "Go to the Host",
              "url": "/d/xs-vm-info-prod/vm-info-prod?&var-xen_host_uuid=${__field.labels.uuid} "
            }
          ],
          "mappings": [],
          "max": 1,
          "min": 0,
          "thresholds": {
            "mode": "absolute",
            "steps": [
              {
                "color": "green"
              },
              {
                "color": "#EAB839",
                "value": 0.8
              },
              {
                "color": "red",
                "value": 0.95
              }
            ]
          },
          "unit": "percentunit"
        },
        "overrides": []
      },
      "gridPos": {
        "h": 14,
        "w": 6,
        "x": 7,
        "y": 14
      },
      "id": 16,
      "options": {
        "displayMode": "lcd",
        "legend": {
          "calcs": [],
          "displayMode": "list",
          "placement": "bottom",
          "showLegend": false
        },
        "maxVizHeight": 16,
        "minVizHeight": 16,
        "minVizWidth": 8,
        "namePlacement": "auto",
        "orientation": "horizontal",
        "reduceOptions": {
          "calcs": [
            "lastNotNull"
          ],
          "fields": "",
          "values": false
        },
        "showUnfilled": true,
        "sizing": "manual",
        "text": {
          "titleSize": 12,
          "valueSize": 12
        },
        "valueMode": "color"
      },
      "pluginVersion": "12.0.1",
      "targets": [
        {
          "datasource": {
            "type": "prometheus",
            "uid": "${ds_samm_prometheus}"
          },
          "disableTextWrap": false,
          "editorMode": "code",
          "exemplar": false,
          "expr": "xen_vm_cpu_usage> ( $cpu_threshold / 100)",
          "fullMetaSearch": false,
          "includeNullMetadata": true,
          "instant": true,
          "legendFormat": "{{name_label}}",
          "range": false,
          "refId": "A",
          "useBackend": false
        }
      ],
      "title": "VMs with high CPU >  $cpu_threshold %",
      "type": "bargauge"
    },
    {
      "datasource": {
        "type": "prometheus",
        "uid": "${ds_samm_prometheus}"
      },
      "fieldConfig": {
        "defaults": {
          "color": {
            "mode": "thresholds"
          },
          "links": [
            {
              "title": "Go to the Host",
              "url": "/d/xs-host-info-prod/xs-host-info-prod?orgId=1&var-xen_host_uuid=${__field.labels.uuid} "
            }
          ],
          "mappings": [],
          "max": 10000,
          "min": 0,
          "thresholds": {
            "mode": "absolute",
            "steps": [
              {
                "color": "green"
              },
              {
                "color": "#EAB839",
                "value": 8000
              },
              {
                "color": "red",
                "value": 9000
              }
            ]
          },
          "unit": "ms"
        },
        "overrides": []
      },
      "gridPos": {
        "h": 14,
        "w": 6,
        "x": 13,
        "y": 14
      },
      "id": 14,
      "options": {
        "displayMode": "lcd",
        "legend": {
          "calcs": [],
          "displayMode": "list",
          "placement": "bottom",
          "showLegend": false
        },
        "maxVizHeight": 16,
        "minVizHeight": 16,
        "minVizWidth": 8,
        "namePlacement": "auto",
        "orientation": "horizontal",
        "reduceOptions": {
          "calcs": [
            "lastNotNull"
          ],
          "fields": "",
          "values": false
        },
        "showUnfilled": true,
        "sizing": "manual",
        "text": {
          "titleSize": 12,
          "valueSize": 12
        },
        "valueMode": "color"
      },
      "pluginVersion": "12.0.1",
      "targets": [
        {
          "datasource": {
            "type": "prometheus",
            "uid": "${ds_samm_prometheus}"
          },
          "disableTextWrap": false,
          "editorMode": "code",
          "expr": "xen_host_sr_write_latency> (  $disklatency_threshold * 1000)",
          "fullMetaSearch": false,
          "includeNullMetadata": true,
          "instant": false,
          "legendFormat": "{{name_label}}",
          "range": true,
          "refId": "A",
          "useBackend": false
        }
      ],
      "title": "Hosts with high write latency > $disklatency_threshold seconds",
      "type": "bargauge"
    },
    {
      "datasource": {
        "type": "prometheus",
        "uid": "${ds_samm_prometheus}"
      },
      "fieldConfig": {
        "defaults": {
          "color": {
            "mode": "thresholds"
          },
          "links": [
            {
              "title": "Go to the Host",
              "url": "/d/xs-host-info-prod/xs-host-info-prod?orgId=1&var-xen_host_uuid=${__field.labels.uuid} "
            }
          ],
          "mappings": [],
          "max": 10000,
          "min": 0,
          "thresholds": {
            "mode": "absolute",
            "steps": [
              {
                "color": "green"
              },
              {
                "color": "#EAB839",
                "value": 8000
              },
              {
                "color": "red",
                "value": 9000
              }
            ]
          },
          "unit": "ms"
        },
        "overrides": []
      },
      "gridPos": {
        "h": 14,
        "w": 5,
        "x": 19,
        "y": 14
      },
      "id": 15,
      "options": {
        "displayMode": "lcd",
        "legend": {
          "calcs": [],
          "displayMode": "list",
          "placement": "bottom",
          "showLegend": false
        },
        "maxVizHeight": 16,
        "minVizHeight": 16,
        "minVizWidth": 8,
        "namePlacement": "auto",
        "orientation": "horizontal",
        "reduceOptions": {
          "calcs": [
            "lastNotNull"
          ],
          "fields": "",
          "values": false
        },
        "showUnfilled": true,
        "sizing": "manual",
        "text": {
          "titleSize": 12,
          "valueSize": 12
        },
        "valueMode": "color"
      },
      "pluginVersion": "12.0.1",
      "targets": [
        {
          "datasource": {
            "type": "prometheus",
            "uid": "${ds_samm_prometheus}"
          },
          "disableTextWrap": false,
          "editorMode": "code",
          "expr": "xen_host_sr_read_latency> ( $disklatency_threshold * 1000 )",
          "fullMetaSearch": false,
          "includeNullMetadata": true,
          "instant": false,
          "legendFormat": "{{name_label}}",
          "range": true,
          "refId": "A",
          "useBackend": false
        }
      ],
      "title": "Hosts with high read latency >  $disklatency_threshold seconds",
      "type": "bargauge"
    }
  ],
  "preload": false,
  "schemaVersion": 41,
  "tags": [],
  "templating": {
    "list": [
      {
        "current": {
          "text": "samm-prometheus",
          "value": "c3a5e98c-6e94-44b8-b894-ae05241051b7"
        },
        "description": "",
        "hide": 2,
        "name": "ds_samm_prometheus",
        "options": [],
        "query": "prometheus",
        "refresh": 1,
        "regex": "/^samm-prometheus/",
        "type": "datasource"
      },
      {
        "current": {
          "text": [
            " "
          ],
          "value": [
            " "
          ]
        },
        "datasource": {
          "type": "prometheus",
          "uid": "${ds_samm_prometheus}"
        },
        "definition": "query_result(xen_pool_info)",
        "includeAll": false,
        "label": "XEN_POOL_UUID",
        "multi": true,
        "name": "xen_pool_uuid",
        "options": [],
        "query": {
          "qryType": 3,
          "query": "query_result(xen_pool_info)",
          "refId": "PrometheusVariableQueryEditor-VariableQuery"
        },
        "refresh": 1,
        "regex": "/.*name_label=\"(?<text>[^\"]*)\".*uuid=\"(?<value>[^\"]*)\".*/",
        "sort": 1,
        "type": "query"
      },
      {
        "current": {
          "text": " ",
          "value": " "
        },
        "datasource": {
          "type": "prometheus",
          "uid": "${ds_samm_prometheus}"
        },
        "definition": "label_values(xen_host_info{pool_uuid=\"$xen_pool_uuid\"},name_label)",
        "hide": 2,
        "includeAll": false,
        "label": "Host UUID",
        "name": "xen_host_uuid",
        "options": [],
        "query": {
          "qryType": 1,
          "query": "label_values(xen_host_info{pool_uuid=\"$xen_pool_uuid\"},name_label)",
          "refId": "PrometheusVariableQueryEditor-VariableQuery"
        },
        "refresh": 1,
        "regex": "",
        "type": "query"
      },
      {
        "current": {
          "text": " ",
          "value": " "
        },
        "datasource": {
          "type": "prometheus",
          "uid": "${ds_samm_prometheus}"
        },
        "definition": "label_values(xen_host_info{pool_uuid=\"$xen_pool_uuid\"},instance)",
        "hide": 2,
        "includeAll": false,
        "label": "Host Instance IP",
        "name": "xen_host_instance",
        "options": [],
        "query": {
          "qryType": 1,
          "query": "label_values(xen_host_info{pool_uuid=\"$xen_pool_uuid\"},instance)",
          "refId": "PrometheusVariableQueryEditor-VariableQuery"
        },
        "refresh": 1,
        "regex": "",
        "type": "query"
      },
      {
        "current": {
            "text": "",
          "value": ""
        },
        "datasource": {
          "type": "prometheus",
          "uid": "${ds_samm_prometheus}"
        },
        "definition": "label_values(xen_host_info{uuid=\"$xen_host_uuid\"},name_label)",
        "hide": 2,
        "label": "xen_host_hostname",
        "name": "xen_host_hostname",
        "options": [],
        "query": {
          "qryType": 1,
          "query": "label_values(xen_host_info{uuid=\"$xen_host_uuid\"},name_label)",
          "refId": "PrometheusVariableQueryEditor-VariableQuery"
        },
        "refresh": 1,
        "regex": "",
        "type": "query"
      },
      {
        "current": {
          "text": "",
          "value": ""
        },
        "datasource": {
          "type": "prometheus",
          "uid": "${ds_samm_prometheus}"
        },
        "definition": "label_values(xen_host_info{uuid=\"$xen_host_uuid\"},hostname)",
        "hide": 2,
        "includeAll": false,
        "label": "xen_host_hostname",
        "name": "xen_host_hostname",
        "options": [],
        "query": {
          "qryType": 1,
          "query": "label_values(xen_host_info{uuid=\"$xen_host_uuid\"},hostname)",
          "refId": "PrometheusVariableQueryEditor-VariableQuery"
        },
        "refresh": 1,
        "regex": "",
        "type": "query"
      },
      {
        "current": {
          "text": "https://samm.pr.mmmhc.com/grafana",
          "value": "https://samm.pr.mmmhc.com/grafana"
        },
        "datasource": {
          "type": "yesoreyeram-infinity-datasource",
          "uid": "fe37eb96-e778-4098-b04d-bf73e9683d48"
        },
        "definition": "samm-config- (infinity) json",
        "hide": 2,
        "includeAll": false,
        "name": "grafanaurl",
        "options": [],
        "query": {
          "infinityQuery": {
            "columns": [],
            "filters": [],
            "format": "table",
            "parser": "backend",
            "refId": "variable",
            "root_selector": "grafanaurl",
            "source": "url",
            "type": "json",
            "url": "https://s3.amazonaws.com/samm.samana.cloud/${__org.name}/config.json",
            "url_options": {
              "data": "",
              "method": "GET"
            }
          },
          "query": "",
          "queryType": "infinity"
        },
        "refresh": 1,
        "regex": "",
        "type": "query"
      },
      {
        "current": {
          "text": "80",
          "value": "80"
        },
        "label": "Memory",
        "name": "memory_threshold",
        "options": [
          {
            "selected": true,
            "text": "80",
            "value": "80"
          }
        ],
        "query": "80",
        "type": "textbox"
      },
      {
        "current": {
          "text": "90",
          "value": "90"
        },
        "description": "",
        "label": "CPU",
        "name": "cpu_threshold",
        "options": [
          {
            "selected": true,
            "text": "90",
            "value": "90"
          }
        ],
        "query": "90",
        "type": "textbox"
      },
      {
        "current": {
          "text": "8",
          "value": "8"
        },
        "description": "",
        "label": "Disk Latency Threshold (seconds)",
        "name": "disklatency_threshold",
        "options": [
          {
            "selected": true,
            "text": "8",
            "value": "8"
          }
        ],
        "query": "8",
        "type": "textbox"
      }
    ]
  },
  "time": {
    "from": "now-5m",
    "to": "now"
  },
  "timepicker": {},
  "timezone": "browser",
  "title": "XS Pool Info Overall prod",
  "uid": "xs-pool-info-overall-prod",
  "version": 6
}