{
  "annotations": {
    "list": [
      {
        "builtIn": 1,
        "datasource": {
          "type": "grafana",
          "uid": "-- Grafana --"
        },
        "enable": true,
        "hide": true,
        "iconColor": "rgba(0, 211, 255, 1)",
        "name": "Annotations & Alerts",
        "type": "dashboard"
      }
    ]
  },
  "editable": true,
  "fiscalYearStartMonth": 0,
  "graphTooltip": 1,
  "id": 63,
  "links": [
    {
      "asDropdown": false,
      "icon": "external link",
      "incluprodars": false,
      "keepTime": false,
      "tags": [
        "PoolInfo",
        "XenServer"
      ],
      "targetBlank": true,
      "title": "Pool Overview",
      "tooltip": "",
      "type": "link",
      "url": "https://samm.pr.mmmhc.com:3000/d/xs-pool-info-overall/xs-pool-info-overall?orgId=1&var-xen_pool_uuid=${xen_pool_uuid}"
    }
  ],
  "liveNow": true,
  "panels": [
    {
      "datasource": {
        "type": "prometheus",
        "uid": "${ds_samm_prometheus}"
      },
      "fieldConfig": {
        "defaults": {
          "color": {
            "mode": "thresholds"
          },
          "links": [
            {
              "targetBlank": false,
              "title": "XS Pool Info",
              "url": "/d/xs-pool-info-overall-prod/xs-pool-info-overall??orgId=1&var-xen_pool_uuid=${__field.labels.uuid}"
            }
          ],
          "mappings": [],
          "thresholds": {
            "mode": "absolute",
            "steps": [
              {
                "color": "#5794f2"
              },
              {
                "color": "#e02f44",
                "value": 80
              }
            ]
          }
        },
        "overrides": []
      },
      "gridPos": {
        "h": 10,
        "w": 4,
        "x": 0,
        "y": 0
      },
      "id": 10,
      "options": {
        "colorMode": "value",
        "graphMode": "none",
        "justifyMode": "center",
        "orientation": "auto",
        "percentChangeColorMode": "standard",
        "reduceOptions": {
          "calcs": [
            "lastNotNull"
          ],
          "fields": "",
          "values": false
        },
        "showPercentChange": false,
        "textMode": "name",
        "wideLayout": true
      },
      "pluginVersion": "12.0.1",
      "targets": [
        {
          "datasource": {
            "type": "prometheus",
            "uid": "${ds_samm_prometheus}"
          },
          "disableTextWrap": false,
          "editorMode": "builder",
          "exemplar": false,
          "expr": "xen_pool_info{uuid=\"$xen_pool_uuid\"}",
          "format": "time_series",
          "fullMetaSearch": false,
          "includeNullMetadata": true,
          "instant": true,
          "legendFormat": "{{name_label}}",
          "range": false,
          "refId": "A",
          "useBackend": false
        }
      ],
      "title": "",
      "transparent": true,
      "type": "stat"
    },
    {
      "datasource": {
        "type": "prometheus",
        "uid": "${ds_samm_prometheus}"
      },
      "fieldConfig": {
        "defaults": {
          "color": {
            "mode": "thresholds"
          },
          "links": [
            {
              "targetBlank": false,
              "title": "XS Host Info",
              "url": "/d/xs-host-info-prod/xs-host-info-prod?orgId=1&var-xen_host_hostname=${__field.labels.host_name_label}"
            }
          ],
          "mappings": [
            {
              "options": {
                "1": {
                  "index": 0,
                  "text": "Running"
                }
              },
              "type": "value"
            }
          ],
          "thresholds": {
            "mode": "absolute",
            "steps": [
              {
                "color": "blue"
              },
              {
                "color": "#e02f44",
                "value": 80
              }
            ]
          }
        },
        "overrides": []
      },
      "gridPos": {
        "h": 10,
        "w": 20,
        "x": 4,
        "y": 0
      },
      "id": 4,
      "options": {
        "colorMode": "background",
        "graphMode": "none",
        "justifyMode": "center",
        "orientation": "auto",
        "percentChangeColorMode": "standard",
        "reduceOptions": {
          "calcs": [
            "lastNotNull"
          ],
          "fields": "",
          "values": false
        },
        "showPercentChange": false,
        "text": {
          "titleSize": 12,
          "valueSize": 20
        },
        "textMode": "value_and_name",
        "wideLayout": true
      },
      "pluginVersion": "12.0.1",
      "targets": [
        {
          "datasource": {
            "type": "prometheus",
            "uid": "${ds_samm_prometheus}"
          },
          "disableTextWrap": false,
          "editorMode": "code",
          "exemplar": false,
          "expr": "count by (host_name_label) (\r\n    xen_vm_info\r\n    * on (resident_on) group_left (host_name_label) (\r\n        label_replace (\r\n            label_replace ( \r\n                xen_host_info{pool_uuid=\"$xen_pool_uuid\"}\r\n                , \"host_name_label\", \"$1\" , \"name_label\", \"(.*)\"\r\n            )\r\n            , \"resident_on\" , \"$1\", \"uuid\" , \"(.*)\"\r\n        )\r\n    )\r\n)",
          "format": "time_series",
          "fullMetaSearch": false,
          "includeNullMetadata": true,
          "instant": true,
          "legendFormat": "{{host_name_label}}",
          "range": false,
          "refId": "A",
          "useBackend": false
        }
      ],
      "title": "Hosts Running in $xen_pool_uuid",
      "type": "stat"
    },
    {
      "fieldConfig": {
        "defaults": {},
        "overrides": []
      },
      "gridPos": {
        "h": 15,
        "w": 4,
        "x": 0,
        "y": 10
      },
      "id": 25,
      "options": {
        "code": {
          "language": "plaintext",
          "showLineNumbers": false,
          "showMiniMap": false
        },
        "content": "<div style='background: linear-gradient(135deg, #1e1e1e 0%, #2d2d2d 100%); padding: 16px; border-radius: 12px; box-shadow: 0 8px 32px rgba(0,0,0,0.3); border: 1px solid rgba(255,255,255,0.1); backdrop-filter: blur(10px);'>\r\n\t<div style='display: grid; grid-template-columns: 1fr 1fr 1fr 1fr; grid-template-rows: 1fr 1fr; gap: 12px; height: 100%;'>\r\n\t\t<div style='display: flex; justify-content: space-between; align-items: center; padding: 12px; background: rgba(255,255,255,0.05); border-radius: 8px; border-left: 4px solid #5794f2;'>\r\n\t\t\t<span style='color: #8e8e8e; font-weight: 600; font-size: 13px;'>Pool Name</span>\r\n\t\t\t<span style='color: #ffffff; font-weight: 500; font-size: 13px;'>${xen_pool_name}</span>\r\n\t\t</div>\r\n\t\t<div style='display: flex; justify-content: space-between; align-items: center; padding: 12px; background: rgba(255,255,255,0.05); border-radius: 8px; border-left: 4px solid #5794f2;'>\r\n\t\t\t<span style='color: #8e8e8e; font-weight: 600; font-size: 13px;'>Total Hosts</span>\r\n\t\t\t<span style='color: #ffffff; font-weight: 500; font-size: 13px; padding: 3px 10px; background: rgba(115, 191, 105, 0.2); border-radius: 6px; border: 1px solid rgba(115, 191, 105, 0.3);'>${total_hosts}</span>\r\n\t\t</div>\r\n\t\t<div style='display: flex; justify-content: space-between; align-items: center; padding: 12px; background: rgba(255,255,255,0.05); border-radius: 8px; border-left: 4px solid #5794f2;'>\r\n\t\t\t<span style='color: #8e8e8e; font-weight: 600; font-size: 13px;'>Pool UUID</span>\r\n\t\t\t<span style='color: #ffffff; font-weight: 500; font-size: 13px; font-family: monospace;'>${xen_pool_uuid}</span>\r\n\t\t</div>\r\n\r\n\r\n\t\t<div style='display: flex; justify-content: space-between; align-items: center; padding: 12px; background: rgba(255,255,255,0.05); border-radius: 8px; border-left: 4px solid #5794f2;'>\r\n\t\t\t<span style='color: #8e8e8e; font-weight: 600; font-size: 13px;'>Pool Status</span>\r\n\t\t\t<span style='color: #ffffff; font-weight: 500; font-size: 13px; padding: 3px 10px; background: rgba(115, 191, 105, 0.2); border-radius: 6px; border: 1px solid rgba(115, 191, 105, 0.3);'>Healthy</span>\r\n\t\t</div>\r\n\t\t<div style='display: flex; justify-content: space-between; align-items: center; padding: 12px; background: rgba(255,255,255,0.05); border-radius: 8px; border-left: 4px solid #5794f2;'>\r\n\t\t\t<span style='color: #8e8e8e; font-weight: 600; font-size: 13px;'>Instance</span>\r\n\t\t\t<span style='color: #ffffff; font-weight: 500; font-size: 13px; font-family: monospace;'>${xen_host_instance}</span>\r\n\t\t</div>\r\n\t</div>\r\n</div>",
        "mode": "html"
      },
      "pluginVersion": "12.0.1",
      "title": "",
      "transparent": true,
      "type": "text"
    },
    {
      "datasource": {
        "type": "prometheus",
        "uid": "${ds_samm_prometheus}"
      },
      "fieldConfig": {
        "defaults": {
          "color": {
            "mode": "thresholds"
          },
          "decimals": 1,
          "mappings": [],
          "max": 1,
          "min": 0,
          "thresholds": {
            "mode": "absolute",
            "steps": [
              {
                "color": "#73bf69"
              },
              {
                "color": "#f59e0b",
                "value": 0.5
              },
              {
                "color": "#e02f44",
                "value": 0.8
              }
            ]
          },
          "unit": "percentunit"
        },
        "overrides": []
      },
      "gridPos": {
        "h": 16,
        "w": 5,
        "x": 4,
        "y": 10
      },
      "id": 8,
      "options": {
        "displayMode": "lcd",
        "legend": {
          "calcs": [],
          "displayMode": "list",
          "placement": "bottom",
          "showLegend": false
        },
        "maxVizHeight": 16,
        "minVizHeight": 16,
        "minVizWidth": 8,
        "namePlacement": "left",
        "orientation": "horizontal",
        "reduceOptions": {
          "calcs": [
            "lastNotNull"
          ],
          "fields": "",
          "values": false
        },
        "showUnfilled": true,
        "sizing": "manual",
        "text": {
          "titleSize": 12,
          "valueSize": 10
        },
        "valueMode": "color"
      },
      "pluginVersion": "12.0.1",
      "targets": [
        {
          "datasource": {
            "type": "prometheus",
            "uid": "${ds_samm_prometheus}"
          },
          "disableTextWrap": false,
          "editorMode": "builder",
          "expr": "xen_host_hostload{instance=\"$xen_host_instance\"}",
          "fullMetaSearch": false,
          "includeNullMetadata": true,
          "instant": false,
          "legendFormat": "{{name_label}}",
          "range": true,
          "refId": "A",
          "useBackend": false
        }
      ],
      "title": "Host AVG Load",
      "transparent": true,
      "type": "bargauge"
    },
    {
      "datasource": {
        "type": "prometheus",
        "uid": "${ds_samm_prometheus}"
      },
      "fieldConfig": {
        "defaults": {
          "color": {
            "mode": "thresholds"
          },
          "decimals": 1,
          "mappings": [],
          "max": 1,
          "min": 0,
          "thresholds": {
            "mode": "absolute",
            "steps": [
              {
                "color": "#73bf69"
              },
              {
                "color": "#f59e0b",
                "value": 0.5
              },
              {
                "color": "#e02f44",
                "value": 0.8
              }
            ]
          },
          "unit": "percentunit"
        },
        "overrides": []
      },
      "gridPos": {
        "h": 16,
        "w": 5,
        "x": 9,
        "y": 10
      },
      "id": 11,
      "options": {
        "displayMode": "lcd",
        "legend": {
          "calcs": [],
          "displayMode": "list",
          "placement": "bottom",
          "showLegend": false
        },
        "maxVizHeight": 16,
        "minVizHeight": 16,
        "minVizWidth": 8,
        "namePlacement": "left",
        "orientation": "horizontal",
        "reduceOptions": {
          "calcs": [
            "lastNotNull"
          ],
          "fields": "",
          "values": false
        },
        "showUnfilled": true,
        "sizing": "manual",
        "text": {
          "titleSize": 12,
          "valueSize": 10
        },
        "valueMode": "color"
      },
      "pluginVersion": "12.0.1",
      "targets": [
        {
          "datasource": {
            "type": "prometheus",
            "uid": "${ds_samm_prometheus}"
          },
          "disableTextWrap": false,
          "editorMode": "builder",
          "expr": "xen_host_cpu_avg{instance=\"$xen_host_instance\"}",
          "fullMetaSearch": false,
          "includeNullMetadata": true,
          "instant": false,
          "legendFormat": "{{name_label}}",
          "range": true,
          "refId": "A",
          "useBackend": false
        }
      ],
      "title": "Host AVG CPU",
      "transparent": true,
      "type": "bargauge"
    },
    {
      "datasource": {
        "type": "prometheus",
        "uid": "${ds_samm_prometheus}"
      },
      "fieldConfig": {
        "defaults": {
          "color": {
            "mode": "thresholds"
          },
          "decimals": 0,
          "mappings": [],
          "max": 1,
          "min": 0,
          "thresholds": {
            "mode": "absolute",
            "steps": [
              {
                "color": "#73bf69"
              },
              {
                "color": "#f59e0b",
                "value": 0.75
              },
              {
                "color": "#e02f44",
                "value": 0.9
              }
            ]
          },
          "unit": "percentunit"
        },
        "overrides": []
      },
      "gridPos": {
        "h": 16,
        "w": 5,
        "x": 14,
        "y": 10
      },
      "id": 9,
      "options": {
        "displayMode": "lcd",
        "legend": {
          "calcs": [],
          "displayMode": "list",
          "placement": "bottom",
          "showLegend": false
        },
        "maxVizHeight": 16,
        "minVizHeight": 16,
        "minVizWidth": 8,
        "namePlacement": "left",
        "orientation": "horizontal",
        "reduceOptions": {
          "calcs": [
            "lastNotNull"
          ],
          "fields": "",
          "values": false
        },
        "showUnfilled": true,
        "sizing": "manual",
        "text": {
          "titleSize": 12,
          "valueSize": 10
        },
        "valueMode": "color"
      },
      "pluginVersion": "12.0.1",
      "targets": [
        {
          "datasource": {
            "type": "prometheus",
            "uid": "${ds_samm_prometheus}"
          },
          "disableTextWrap": false,
          "editorMode": "code",
          "expr": "1-xen_host_memory_free_kib{instance=\"$xen_host_instance\"} / xen_host_memory_total_kib{instance=\"$xen_host_instance\"}",
          "fullMetaSearch": false,
          "includeNullMetadata": true,
          "instant": false,
          "legendFormat": "{{name_label}}",
          "range": true,
          "refId": "A",
          "useBackend": false
        }
      ],
      "title": "Host RAM Load",
      "transparent": true,
      "type": "bargauge"
    },
    {
      "datasource": {
        "type": "prometheus",
        "uid": "c3a5e98c-6e94-44b8-b894-ae05241051b7"
      },
      "fieldConfig": {
        "defaults": {
          "color": {
            "mode": "thresholds"
          },
          "links": [
            {
              "title": "Show details",
              "url": "/d/xs-host-info-prod/xs-host-info-prod?orgId=1&var-xen_host_uuid=${__field.labels.uuid}"
            }
          ],
          "mappings": [],
          "max": 1,
          "min": 0,
          "thresholds": {
            "mode": "absolute",
            "steps": [
              {
                "color": "#73bf69"
              },
              {
                "color": "#f59e0b",
                "value": 0.8
              },
              {
                "color": "#e02f44",
                "value": 0.9
              }
            ]
          },
          "unit": "percentunit"
        },
        "overrides": []
      },
      "gridPos": {
        "h": 17,
        "w": 5,
        "x": 19,
        "y": 10
      },
      "id": 12,
      "options": {
        "displayMode": "lcd",
        "legend": {
          "calcs": [],
          "displayMode": "list",
          "placement": "bottom",
          "showLegend": false
        },
        "maxVizHeight": 16,
        "minVizHeight": 16,
        "minVizWidth": 8,
        "namePlacement": "left",
        "orientation": "horizontal",
        "reduceOptions": {
          "calcs": [
            "lastNotNull"
          ],
          "fields": "",
          "values": false
        },
        "showUnfilled": true,
        "sizing": "manual",
        "text": {
          "titleSize": 12,
          "valueSize": 10
        },
        "valueMode": "color"
      },
      "pluginVersion": "12.0.1",
      "targets": [
        {
          "datasource": {
            "type": "prometheus",
            "uid": "c3a5e98c-6e94-44b8-b894-ae05241051b7"
          },
          "editorMode": "code",
          "expr": "(1-(xen_host_memory_free_kib{instance=\"$xen_host_instance\"}/xen_host_memory_total_kib{instance=\"$xen_host_instance\"}))>0.8",
          "instant": false,
          "legendFormat": "{{name_label}}",
          "range": true,
          "refId": "A"
        }
      ],
      "title": "Hosts with RAM utilization over 80%",
      "transparent": true,
      "type": "bargauge"
    }
  ],
  "preload": false,
  "refresh": "5s",
  "schemaVersion": 41,
  "tags": [],
  "templating": {
    "list": [
      {
        "current": {
          "text": "samm-prometheus",
          "value": "c3a5e98c-6e94-44b8-b894-ae05241051b7"
        },
        "hide": 2,
        "name": "ds_samm_prometheus",
        "options": [],
        "query": "prometheus",
        "refresh": 1,
        "regex": "/^samm-prometheus/",
        "type": "datasource"
      },
      {
        "current": {
          "text": " ",
          "value": " "
        },
        "datasource": {
          "type": "prometheus",
          "uid": "${ds_samm_prometheus}"
        },
        "definition": "query_result(xen_pool_info)",
        "includeAll": false,
        "label": "XEN_POOL_UUID",
        "name": "xen_pool_uuid",
        "options": [],
        "query": {
          "qryType": 3,
          "query": "query_result(xen_pool_info)",
          "refId": "PrometheusVariableQueryEditor-VariableQuery"
        },
        "refresh": 1,
        "regex": "/.*name_label=\"(?<text>[^\"]*)\".*uuid=\"(?<value>[^\"]*)\".*/",
        "sort": 1,
        "type": "query"
      },
      {
        "current": {
          "text": " ",
          "value": " "
        },
        "datasource": {
          "type": "prometheus",
          "uid": "${ds_samm_prometheus}"
        },
        "definition": "label_values({pool_uuid=\"$xen_pool_uuid\"},name_label)",
        "hide": 2,
        "includeAll": false,
        "label": "Host UUID",
        "name": "xen_host_uuid",
        "options": [],
        "query": {
          "qryType": 1,
          "query": "label_values({pool_uuid=\"$xen_pool_uuid\"},name_label)",
          "refId": "PrometheusVariableQueryEditor-VariableQuery"
        },
        "refresh": 1,
        "regex": "",
        "type": "query"
      },
      {
        "current": {
          "text": " ",
          "value": " "
        },
        "datasource": {
          "type": "prometheus",
          "uid": "${ds_samm_prometheus}"
        },
        "definition": "label_values({pool_uuid=\"$xen_pool_uuid\"},instance)",
        "hide": 2,
        "includeAll": false,
        "label": "Host Instance IP",
        "name": "xen_host_instance",
        "options": [],
        "query": {
          "qryType": 1,
          "query": "label_values({pool_uuid=\"$xen_pool_uuid\"},instance)",
          "refId": "PrometheusVariableQueryEditor-VariableQuery"
        },
        "refresh": 1,
        "regex": "",
        "type": "query"
      },
      {
        "current": {
          "text": "",
          "value": ""
        },
        "datasource": {
          "type": "prometheus",
          "uid": "${ds_samm_prometheus}"
        },
        "definition": "label_values(xen_host_info{uuid=\"$xen_host_uuid\"},hostname)",
        "hide": 2,
        "includeAll": false,
        "label": "xen_host_hostname",
        "name": "xen_host_hostname",
        "options": [],
        "query": {
          "qryType": 1,
          "query": "label_values(xen_host_info{uuid=\"$xen_host_uuid\"},hostname)",
          "refId": "PrometheusVariableQueryEditor-VariableQuery"
        },
        "refresh": 1,
        "regex": "",
        "type": "query"
      },
      {
        "current": {
          "text": "https://samm.pr.mmmhc.com/grafana",
          "value": "https://samm.pr.mmmhc.com/grafana"
        },
        "datasource": {
          "type": "yesoreyeram-infinity-datasource",
          "uid": "fe37eb96-e778-4098-b04d-bf73e9683d48"
        },
        "definition": "samm-config- (infinity) json",
        "hide": 2,
        "includeAll": false,
        "name": "grafanaurl",
        "options": [],
        "query": {
          "infinityQuery": {
            "columns": [],
            "filters": [],
            "format": "table",
            "parser": "backend",
            "refId": "variable",
            "root_selector": "grafanaurl",
            "source": "url",
            "type": "json",
            "url": "https://s3.amazonaws.com/samm.samana.cloud/${__org.name}/config.json",
            "url_options": {
              "data": "",
              "method": "GET"
            }
          },
          "query": "",
          "queryType": "infinity"
        },
        "refresh": 1,
        "regex": "",
        "type": "query"
      },
      {
        "current": {
          "text": " ",
          "value": " "
        },
        "datasource": {
          "type": "prometheus",
          "uid": "${ds_samm_prometheus}"
        },
        "definition": "label_values(xen_pool_info{uuid=\"$xen_pool_uuid\"},name_label)",
        "hide": 2,
        "includeAll": false,
        "name": "xen_pool_name",
        "options": [],
        "query": {
          "qryType": 1,
          "query": "label_values(xen_pool_info{uuid=\"$xen_pool_uuid\"},name_label)",
          "refId": "PrometheusVariableQueryEditor-VariableQuery"
        },
        "refresh": 1,
        "regex": "",
        "type": "query"
      },
      {
        "current": {
          "text": "29",
          "value": "29"
        },
        "datasource": {
          "type": "prometheus",
          "uid": "c3a5e98c-6e94-44b8-b894-ae05241051b7"
        },
        "definition": "query_result( count(xen_host_info{pool_uuid=\"$xen_pool_uuid\"}))",
        "hide": 2,
        "includeAll": false,
        "name": "total_hosts",
        "options": [],
        "query": {
          "qryType": 3,
          "query": "query_result( count(xen_host_info{pool_uuid=\"$xen_pool_uuid\"}))",
          "refId": "PrometheusVariableQueryEditor-VariableQuery"
        },
        "refresh": 1,
        "regex": "/.*?\\s+(\\d+)\\s+.*/",
        "type": "query"
      }
    ]
  },
  "time": {
    "from": "now-5m",
    "to": "now"
  },
  "timepicker": {},
  "timezone": "browser",
  "title": "XS Pool Info prod",
  "uid": "xs-pool-info-prod",
  "version": 4
}