{
        "cim_username": "mmmhc\\citrixservices2",
        "cim_password": "eUwjnp2NxJvDrG4Eqkqo",
	"cim_transport": "ntlm",
	"loki_url": "http://loki:3100/loki/api/v1/push",
	"ldap_url": "ldaps://3venus2.pr.mmmhc.com:636",
	"ldap_dn": "citrixservices2@pr.mmmhc.com",
	"ldap_password": "eUwjnp2NxJvDrG4Eqkqo",
	"ldap_base": "dc=pr,dc=mmmhc,dc=com",
	"netscalers": {
		"snmp_version": 2,
		"snmp2_community": "samm2-k-HU4X@hKudFJviC",
		"snmp3_security_level": "",
		"snmp3_security_username": "",
		"snmp3_privacy_protocol": "",
		"snmp3_privacy_password": "",
		"snmp3_auth_protocol": "",
		"snmp3_auth_password": ""
	}
}

