#< CLIXML
<Objs Version="1.1.0.1" xmlns="http://schemas.microsoft.com/powershell/2004/04"><Obj S="progress" RefId="0"><TN RefId="0"><T>System.Management.Automation.PSCustomObject</T><T>System.Object</T></TN><MS><I64 N="SourceId">1</I64><PR N="Record"><AV>Preparing modules for first use.</AV><AI>0</AI><Nil /><PI>-1</PI><PC>-1</PC><T>Completed</T><SR>-1</SR><SD> </SD></PR></MS></Obj><Obj S="progress" RefId="1"><TNRef RefId="0" /><MS><I64 N="SourceId">1</I64><PR N="Record"><AV>Preparing modules for first use.</AV><AI>0</AI><Nil /><PI>-1</PI><PC>-1</PC><T>Completed</T><SR>-1</SR><SD> </SD></PR></MS></Obj><Obj S="progress" RefId="2"><TNRef RefId="0" /><MS><I64 N="SourceId">2</I64><PR N="Record"><AV>Writing web request</AV><AI>174593042</AI><Nil /><PI>-1</PI><PC>-1</PC><T>Processing</T><SR>-1</SR><SD>Writing request stream... (Number of bytes written: 0)</SD></PR></MS></Obj><Obj S="progress" RefId="3"><TNRef RefId="0" /><MS><I64 N="SourceId">2</I64><PR N="Record"><AV>Writing web request</AV><AI>174593042</AI><Nil /><PI>-1</PI><PC>-1</PC><T>Processing</T><SR>-1</SR><SD>Writing request stream... (Number of bytes written: 825)</SD></PR></MS></Obj><Obj S="progress" RefId="4"><TNRef RefId="0" /><MS><I64 N="SourceId">2</I64><PR N="Record"><AV>Writing web request</AV><AI>174593042</AI><Nil /><PI>-1</PI><PC>-1</PC><T>Completed</T><SR>-1</SR><SD>Writing web request completed. (Number of bytes remaining: 825)</SD></PR></MS></Obj><Obj S="progress" RefId="5"><TNRef RefId="0" /><MS><I64 N="SourceId">1</I64><PR N="Record"><AV>Preparing modules for first use.</AV><AI>0</AI><Nil /><PI>-1</PI><PC>-1</PC><T>Completed</T><SR>-1</SR><SD> </SD></PR></MS></Obj><Obj S="Error" RefId="6"><TN RefId="1"><T>System.Management.Automation.ErrorRecord</T><T>System.Object</T></TN><ToString>No matching MSFT_ScheduledTask objects found by CIM query for instances of the Root/Microsoft/Windows/TaskScheduler/MSFT_ScheduledTask class on the  CIM server: SELECT * FROM MSFT_ScheduledTask  WHERE ((TaskName LIKE 'test')) AND ((TaskPath LIKE '\\')). Verify query parameters and retry.</ToString><MS><Obj N="Exception" RefId="7"><TN RefId="2"><T>Microsoft.PowerShell.Cmdletization.Cim.CimJobException</T><T>System.SystemException</T><T>System.Exception</T><T>System.Object</T></TN><ToString>Microsoft.PowerShell.Cmdletization.Cim.CimJobException: No matching MSFT_ScheduledTask objects found by CIM query for instances of the Root/Microsoft/Windows/TaskScheduler/MSFT_ScheduledTask class on the  CIM server: SELECT * FROM MSFT_ScheduledTask  WHERE ((TaskName LIKE 'test')) AND ((TaskPath LIKE '\\')). Verify query parameters and retry.</ToString><Props><Obj N="ErrorRecord" RefId="8"><TN RefId="3"><T>System.Management.Automation.Runspaces.RemotingErrorRecord</T><T>System.Management.Automation.ErrorRecord</T><T>System.Object</T></TN><ToString>No matching MSFT_ScheduledTask objects found by CIM query for instances of the Root/Microsoft/Windows/TaskScheduler/MSFT_ScheduledTask class on the  CIM server: SELECT * FROM MSFT_ScheduledTask  WHERE ((TaskName LIKE 'test')) AND ((TaskPath LIKE '\\')). Verify query parameters and retry.</ToString><MS><Ref N="Exception" RefId="7" /><S N="TargetObject">MSFT_ScheduledTask</S><S N="FullyQualifiedErrorId">CmdletizationQuery_NotFound,Get-ScheduledTask</S><Obj N="InvocationInfo" RefId="9"><TN RefId="4"><T>System.Management.Automation.InvocationInfo</T><T>System.Object</T></TN><ToString>System.Management.Automation.InvocationInfo</ToString><Props><S N="MyCommand">Get-ScheduledTask</S><Obj N="BoundParameters" RefId="10"><TN RefId="5"><T>System.Collections.Generic.Dictionary`2[[System.String, mscorlib, Version=4.0.0.0, Culture=neutral, PublicKeyToken=b77a5c561934e089],[System.Object, mscorlib, Version=4.0.0.0, Culture=neutral, PublicKeyToken=b77a5c561934e089]]</T><T>System.Object</T></TN><DCT /></Obj><Obj N="UnboundArguments" RefId="11"><TN RefId="6"><T>System.Collections.Generic.List`1[[System.Object, mscorlib, Version=4.0.0.0, Culture=neutral, PublicKeyToken=b77a5c561934e089]]</T><T>System.Object</T></TN><LST /></Obj><I32 N="ScriptLineNumber">13</I32><I32 N="OffsetInLine">1</I32><I64 N="HistoryId">1</I64><S N="ScriptName"></S><S N="Line">Get-ScheduledTask -TaskName 'test' -TaskPath '\'_x000A_</S><S N="PositionMessage">At line:13 char:1_x000D__x000A_+ Get-ScheduledTask -TaskName 'test' -TaskPath '\'_x000D__x000A_+ ~~~~~~~~~~~~~~~~~~~~~~~~~~~~~~~~~~~~~~~~~~~~~~~~</S><S N="PSScriptRoot"></S><Nil N="PSCommandPath" /><S N="InvocationName">Get-ScheduledTask</S><I32 N="PipelineLength">0</I32><I32 N="PipelinePosition">0</I32><B N="ExpectingInput">false</B><S N="CommandOrigin">Internal</S><Nil N="DisplayScriptPosition" /></Props></Obj><I32 N="ErrorCategory_Category">13</I32><S N="ErrorCategory_Activity">Get-ScheduledTask</S><S N="ErrorCategory_Reason">CimJobException</S><S N="ErrorCategory_TargetName">MSFT_ScheduledTask</S><S N="ErrorCategory_TargetType">String</S><S N="ErrorCategory_Message">ObjectNotFound: (MSFT_ScheduledTask:String) [Get-ScheduledTask], CimJobException</S><B N="SerializeExtendedInfo">false</B></MS></Obj><S N="Message">No matching MSFT_ScheduledTask objects found by CIM query for instances of the Root/Microsoft/Windows/TaskScheduler/MSFT_ScheduledTask class on the  CIM server: SELECT * FROM MSFT_ScheduledTask  WHERE ((TaskName LIKE 'test')) AND ((TaskPath LIKE '\\')). Verify query parameters and retry.</S><Obj N="Data" RefId="12"><TN RefId="7"><T>System.Collections.ListDictionaryInternal</T><T>System.Object</T></TN><DCT /></Obj><Nil N="InnerException" /><Nil N="TargetSite" /><Nil N="StackTrace" /><Nil N="HelpLink" /><Nil N="Source" /><I32 N="HResult">-2146233087</I32></Props></Obj><S N="TargetObject">MSFT_ScheduledTask</S><S N="FullyQualifiedErrorId">CmdletizationQuery_NotFound,Get-ScheduledTask</S><Obj N="InvocationInfo" RefId="13"><TNRef RefId="4" /><ToString>System.Management.Automation.InvocationInfo</ToString><Props><Obj N="MyCommand" RefId="14"><TN RefId="8"><T>System.Management.Automation.FunctionInfo</T><T>System.Management.Automation.CommandInfo</T><T>System.Object</T></TN><ToString>Get-ScheduledTask</ToString><Props><SBK N="ScriptBlock">_x000D__x000A_    [CmdletBinding(DefaultParameterSetName='ByPath', PositionalBinding=$false)]_x000D__x000A_    _x000D__x000A_    [OutputType([Microsoft.Management.Infrastructure.CimInstance])]_x000D__x000A_[OutputType('Microsoft.Management.Infrastructure.CimInstance#Root/Microsoft/Windows/TaskScheduler/MSFT_ScheduledTask')]_x000D__x000A__x000D__x000A_    param(_x000D__x000A_    _x000D__x000A_    [Parameter(ParameterSetName='ByPath', Position=0, ValueFromPipelineByPropertyName=$true)]_x000D__x000A_    [ValidateNotNull()]_x000D__x000A_    [string[]]_x000D__x000A_    ${TaskName},_x000D__x000A__x000D__x000A_    [Parameter(ParameterSetName='ByPath', Position=1, ValueFromPipelineByPropertyName=$true)]_x000D__x000A_    [ValidateNotNull()]_x000D__x000A_    [string[]]_x000D__x000A_    ${TaskPath},_x000D__x000A__x000D__x000A_    [Parameter(ParameterSetName='ByPath')]_x000D__x000A_    [Alias('Session')]_x000D__x000A_    [ValidateNotNullOrEmpty()]_x000D__x000A_    [CimSession[]]_x000D__x000A_    ${CimSession},_x000D__x000A__x000D__x000A_    [Parameter(ParameterSetName='ByPath')]_x000D__x000A_    [int]_x000D__x000A_    ${ThrottleLimit},_x000D__x000A__x000D__x000A_    [Parameter(ParameterSetName='ByPath')]_x000D__x000A_    [switch]_x000D__x000A_    ${AsJob})_x000D__x000A__x000D__x000A_    DynamicParam {_x000D__x000A_        try _x000D__x000A_        {_x000D__x000A_            if (-not $__cmdletization_exceptionHasBeenThrown)_x000D__x000A_            {_x000D__x000A_                $__cmdletization_objectModelWrapper = $script:ObjectModelWrapper::new()_x000D__x000A_                $__cmdletization_objectModelWrapper.Initialize($PSCmdlet, $script:ClassName, $script:ClassVersion, $script:ModuleVersion, $script:PrivateData)_x000D__x000A__x000D__x000A_                if ($__cmdletization_objectModelWrapper -is [System.Management.Automation.IDynamicParameters])_x000D__x000A_                {_x000D__x000A_                    ([System.Management.Automation.IDynamicParameters]$__cmdletization_objectModelWrapper).GetDynamicParameters()_x000D__x000A_                }_x000D__x000A_            }_x000D__x000A_        }_x000D__x000A_        catch_x000D__x000A_        {_x000D__x000A_            $__cmdletization_exceptionHasBeenThrown = $true_x000D__x000A_            throw_x000D__x000A_        }_x000D__x000A_    }_x000D__x000A__x000D__x000A_    Begin {_x000D__x000A_        $__cmdletization_exceptionHasBeenThrown = $false_x000D__x000A_        try _x000D__x000A_        {_x000D__x000A_            __cmdletization_BindCommonParameters $__cmdletization_objectModelWrapper $PSBoundParameters_x000D__x000A_            $__cmdletization_objectModelWrapper.BeginProcessing()_x000D__x000A_        }_x000D__x000A_        catch_x000D__x000A_        {_x000D__x000A_            $__cmdletization_exceptionHasBeenThrown = $true_x000D__x000A_            throw_x000D__x000A_        }_x000D__x000A_    }_x000D__x000A_        _x000D__x000A__x000D__x000A_    Process {_x000D__x000A_        try _x000D__x000A_        {_x000D__x000A_            if (-not $__cmdletization_exceptionHasBeenThrown)_x000D__x000A_            {_x000D__x000A_    $__cmdletization_queryBuilder = $__cmdletization_objectModelWrapper.GetQueryBuilder()_x000D__x000A_    if ($PSBoundParameters.ContainsKey('TaskName') -and (@('ByPath') -contains $PSCmdlet.ParameterSetName )) {_x000D__x000A_        $__cmdletization_values = @(${TaskName})_x000D__x000A_        $__cmdletization_queryBuilder.FilterByProperty('TaskName', $__cmdletization_values, $true, 'Default')_x000D__x000A_    }_x000D__x000A_    if ($PSBoundParameters.ContainsKey('TaskPath') -and (@('ByPath') -contains $PSCmdlet.ParameterSetName )) {_x000D__x000A_        $__cmdletization_values = @(${TaskPath})_x000D__x000A_        $__cmdletization_queryBuilder.FilterByProperty('TaskPath', $__cmdletization_values, $true, 'Default')_x000D__x000A_    }_x000D__x000A__x000D__x000A__x000D__x000A_    $__cmdletization_objectModelWrapper.ProcessRecord($__cmdletization_queryBuilder)_x000D__x000A_            }_x000D__x000A_        }_x000D__x000A_        catch_x000D__x000A_        {_x000D__x000A_            $__cmdletization_exceptionHasBeenThrown = $true_x000D__x000A_            throw_x000D__x000A_        }_x000D__x000A_    }_x000D__x000A_        _x000D__x000A__x000D__x000A_    End {_x000D__x000A_        try_x000D__x000A_        {_x000D__x000A_            if (-not $__cmdletization_exceptionHasBeenThrown)_x000D__x000A_            {_x000D__x000A_                $__cmdletization_objectModelWrapper.EndProcessing()_x000D__x000A_            }_x000D__x000A_        }_x000D__x000A_        catch_x000D__x000A_        {_x000D__x000A_            throw_x000D__x000A_        }_x000D__x000A_    }_x000D__x000A__x000D__x000A_    # .EXTERNALHELP MSFT_ScheduledTask_v1.0.cdxml-Help.xml_x000D__x000A_</SBK><B N="CmdletBinding">true</B><S N="DefaultParameterSet">ByPath</S><S N="Definition">_x000D__x000A_    [CmdletBinding(DefaultParameterSetName='ByPath', PositionalBinding=$false)]_x000D__x000A_    _x000D__x000A_    [OutputType([Microsoft.Management.Infrastructure.CimInstance])]_x000D__x000A_[OutputType('Microsoft.Management.Infrastructure.CimInstance#Root/Microsoft/Windows/TaskScheduler/MSFT_ScheduledTask')]_x000D__x000A__x000D__x000A_    param(_x000D__x000A_    _x000D__x000A_    [Parameter(ParameterSetName='ByPath', Position=0, ValueFromPipelineByPropertyName=$true)]_x000D__x000A_    [ValidateNotNull()]_x000D__x000A_    [string[]]_x000D__x000A_    ${TaskName},_x000D__x000A__x000D__x000A_    [Parameter(ParameterSetName='ByPath', Position=1, ValueFromPipelineByPropertyName=$true)]_x000D__x000A_    [ValidateNotNull()]_x000D__x000A_    [string[]]_x000D__x000A_    ${TaskPath},_x000D__x000A__x000D__x000A_    [Parameter(ParameterSetName='ByPath')]_x000D__x000A_    [Alias('Session')]_x000D__x000A_    [ValidateNotNullOrEmpty()]_x000D__x000A_    [CimSession[]]_x000D__x000A_    ${CimSession},_x000D__x000A__x000D__x000A_    [Parameter(ParameterSetName='ByPath')]_x000D__x000A_    [int]_x000D__x000A_    ${ThrottleLimit},_x000D__x000A__x000D__x000A_    [Parameter(ParameterSetName='ByPath')]_x000D__x000A_    [switch]_x000D__x000A_    ${AsJob})_x000D__x000A__x000D__x000A_    DynamicParam {_x000D__x000A_        try _x000D__x000A_        {_x000D__x000A_            if (-not $__cmdletization_exceptionHasBeenThrown)_x000D__x000A_            {_x000D__x000A_                $__cmdletization_objectModelWrapper = $script:ObjectModelWrapper::new()_x000D__x000A_                $__cmdletization_objectModelWrapper.Initialize($PSCmdlet, $script:ClassName, $script:ClassVersion, $script:ModuleVersion, $script:PrivateData)_x000D__x000A__x000D__x000A_                if ($__cmdletization_objectModelWrapper -is [System.Management.Automation.IDynamicParameters])_x000D__x000A_                {_x000D__x000A_                    ([System.Management.Automation.IDynamicParameters]$__cmdletization_objectModelWrapper).GetDynamicParameters()_x000D__x000A_                }_x000D__x000A_            }_x000D__x000A_        }_x000D__x000A_        catch_x000D__x000A_        {_x000D__x000A_            $__cmdletization_exceptionHasBeenThrown = $true_x000D__x000A_            throw_x000D__x000A_        }_x000D__x000A_    }_x000D__x000A__x000D__x000A_    Begin {_x000D__x000A_        $__cmdletization_exceptionHasBeenThrown = $false_x000D__x000A_        try _x000D__x000A_        {_x000D__x000A_            __cmdletization_BindCommonParameters $__cmdletization_objectModelWrapper $PSBoundParameters_x000D__x000A_            $__cmdletization_objectModelWrapper.BeginProcessing()_x000D__x000A_        }_x000D__x000A_        catch_x000D__x000A_        {_x000D__x000A_            $__cmdletization_exceptionHasBeenThrown = $true_x000D__x000A_            throw_x000D__x000A_        }_x000D__x000A_    }_x000D__x000A_        _x000D__x000A__x000D__x000A_    Process {_x000D__x000A_        try _x000D__x000A_        {_x000D__x000A_            if (-not $__cmdletization_exceptionHasBeenThrown)_x000D__x000A_            {_x000D__x000A_    $__cmdletization_queryBuilder = $__cmdletization_objectModelWrapper.GetQueryBuilder()_x000D__x000A_    if ($PSBoundParameters.ContainsKey('TaskName') -and (@('ByPath') -contains $PSCmdlet.ParameterSetName )) {_x000D__x000A_        $__cmdletization_values = @(${TaskName})_x000D__x000A_        $__cmdletization_queryBuilder.FilterByProperty('TaskName', $__cmdletization_values, $true, 'Default')_x000D__x000A_    }_x000D__x000A_    if ($PSBoundParameters.ContainsKey('TaskPath') -and (@('ByPath') -contains $PSCmdlet.ParameterSetName )) {_x000D__x000A_        $__cmdletization_values = @(${TaskPath})_x000D__x000A_        $__cmdletization_queryBuilder.FilterByProperty('TaskPath', $__cmdletization_values, $true, 'Default')_x000D__x000A_    }_x000D__x000A__x000D__x000A__x000D__x000A_    $__cmdletization_objectModelWrapper.ProcessRecord($__cmdletization_queryBuilder)_x000D__x000A_            }_x000D__x000A_        }_x000D__x000A_        catch_x000D__x000A_        {_x000D__x000A_            $__cmdletization_exceptionHasBeenThrown = $true_x000D__x000A_            throw_x000D__x000A_        }_x000D__x000A_    }_x000D__x000A_        _x000D__x000A__x000D__x000A_    End {_x000D__x000A_        try_x000D__x000A_        {_x000D__x000A_            if (-not $__cmdletization_exceptionHasBeenThrown)_x000D__x000A_            {_x000D__x000A_                $__cmdletization_objectModelWrapper.EndProcessing()_x000D__x000A_            }_x000D__x000A_        }_x000D__x000A_        catch_x000D__x000A_        {_x000D__x000A_            throw_x000D__x000A_        }_x000D__x000A_    }_x000D__x000A__x000D__x000A_    # .EXTERNALHELP MSFT_ScheduledTask_v1.0.cdxml-Help.xml_x000D__x000A_</S><S N="Options">None</S><Nil N="Description" /><S N="Verb">Get</S><S N="Noun">ScheduledTask</S><Nil N="HelpFile" /><Obj N="OutputType" RefId="15"><TN RefId="9"><T>System.Collections.ObjectModel.ReadOnlyCollection`1[[System.Management.Automation.PSTypeName, System.Management.Automation, Version=3.0.0.0, Culture=neutral, PublicKeyToken=31bf3856ad364e35]]</T><T>System.Object</T></TN><LST><S>Microsoft.Management.Infrastructure.CimInstance</S><S>Microsoft.Management.Infrastructure.CimInstance#Root/Microsoft/Windows/TaskScheduler/MSFT_ScheduledTask</S></LST></Obj><S N="Name">Get-ScheduledTask</S><S N="CommandType">Function</S><S N="Source">ScheduledTasks</S><Version N="Version">1.0.0.0</Version><S N="Visibility">Public</S><S N="ModuleName">ScheduledTasks</S><S N="Module">ScheduledTasks</S><S N="RemotingCapability">PowerShell</S><Obj N="Parameters" RefId="16"><TN RefId="10"><T>System.Collections.Generic.Dictionary`2[[System.String, mscorlib, Version=4.0.0.0, Culture=neutral, PublicKeyToken=b77a5c561934e089],[System.Management.Automation.ParameterMetadata, System.Management.Automation, Version=3.0.0.0, Culture=neutral, PublicKeyToken=31bf3856ad364e35]]</T><T>System.Object</T></TN><DCT><En><S N="Key">TaskName</S><S N="Value">System.Management.Automation.ParameterMetadata</S></En><En><S N="Key">TaskPath</S><S N="Value">System.Management.Automation.ParameterMetadata</S></En><En><S N="Key">CimSession</S><S N="Value">System.Management.Automation.ParameterMetadata</S></En><En><S N="Key">ThrottleLimit</S><S N="Value">System.Management.Automation.ParameterMetadata</S></En><En><S N="Key">AsJob</S><S N="Value">System.Management.Automation.ParameterMetadata</S></En><En><S N="Key">Verbose</S><S N="Value">System.Management.Automation.ParameterMetadata</S></En><En><S N="Key">Debug</S><S N="Value">System.Management.Automation.ParameterMetadata</S></En><En><S N="Key">ErrorAction</S><S N="Value">System.Management.Automation.ParameterMetadata</S></En><En><S N="Key">WarningAction</S><S N="Value">System.Management.Automation.ParameterMetadata</S></En><En><S N="Key">InformationAction</S><S N="Value">System.Management.Automation.ParameterMetadata</S></En><En><S N="Key">ErrorVariable</S><S N="Value">System.Management.Automation.ParameterMetadata</S></En><En><S N="Key">WarningVariable</S><S N="Value">System.Management.Automation.ParameterMetadata</S></En><En><S N="Key">InformationVariable</S><S N="Value">System.Management.Automation.ParameterMetadata</S></En><En><S N="Key">OutVariable</S><S N="Value">System.Management.Automation.ParameterMetadata</S></En><En><S N="Key">OutBuffer</S><S N="Value">System.Management.Automation.ParameterMetadata</S></En><En><S N="Key">PipelineVariable</S><S N="Value">System.Management.Automation.ParameterMetadata</S></En></DCT></Obj><Obj N="ParameterSets" RefId="17"><TN RefId="11"><T>System.Collections.ObjectModel.ReadOnlyCollection`1[[System.Management.Automation.CommandParameterSetInfo, System.Management.Automation, Version=3.0.0.0, Culture=neutral, PublicKeyToken=31bf3856ad364e35]]</T><T>System.Object</T></TN><LST><S>[[-TaskName] &lt;string[]&gt;] [[-TaskPath] &lt;string[]&gt;] [-CimSession &lt;CimSession[]&gt;] [-ThrottleLimit &lt;int&gt;] [-AsJob] [&lt;CommonParameters&gt;]</S></LST></Obj></Props></Obj><Obj N="BoundParameters" RefId="18"><TNRef RefId="5" /><DCT /></Obj><Obj N="UnboundArguments" RefId="19"><TNRef RefId="6" /><LST /></Obj><I32 N="ScriptLineNumber">13</I32><I32 N="OffsetInLine">1</I32><I64 N="HistoryId">2</I64><S N="ScriptName"></S><S N="Line">Get-ScheduledTask -TaskName 'test' -TaskPath '\'_x000A_</S><S N="PositionMessage">At line:13 char:1_x000D__x000A_+ Get-ScheduledTask -TaskName 'test' -TaskPath '\'_x000D__x000A_+ ~~~~~~~~~~~~~~~~~~~~~~~~~~~~~~~~~~~~~~~~~~~~~~~~</S><S N="PSScriptRoot"></S><Nil N="PSCommandPath" /><S N="InvocationName">Get-ScheduledTask</S><I32 N="PipelineLength">0</I32><I32 N="PipelinePosition">0</I32><B N="ExpectingInput">false</B><Obj N="CommandOrigin" RefId="20"><TN RefId="12"><T>System.Management.Automation.CommandOrigin</T><T>System.Enum</T><T>System.ValueType</T><T>System.Object</T></TN><ToString>Internal</ToString><I32>1</I32></Obj><Nil N="DisplayScriptPosition" /></Props></Obj><I32 N="ErrorCategory_Category">13</I32><S N="ErrorCategory_Activity">Get-ScheduledTask</S><S N="ErrorCategory_Reason">CimJobException</S><S N="ErrorCategory_TargetName">MSFT_ScheduledTask</S><S N="ErrorCategory_TargetType">String</S><S N="ErrorCategory_Message">ObjectNotFound: (MSFT_ScheduledTask:String) [Get-ScheduledTask], CimJobException</S><B N="SerializeExtendedInfo">false</B></MS></Obj></Objs>