[
	{
		"object_type": "check",
		"name": "cim_computer",
		"command": "cim",
		"class_name": "Win32_ComputerSystem",
		"alias": "cim_computer",
		"check_interval": 300,
		"stale_timeout": 900,
		"tag_properties": [
			"BootupState",
			"DNSHostName",
			"Domain",
			"Workgroup",
			"NumberOfProcessors",
			"NumberOfLogicalProcessors"
		],
		"metrics": [
			"NumberOfProcessors",
			"NumberOfLogicalProcessors"
		]
	},
	{
		"object_type": "check",
		"name": "cim_os",
		"command": "cim",
		"class_name": "Win32_OperatingSystem",
		"alias": "cim_os",
		"check_interval": 300,
		"stale_timeout": 900,
		"tag_properties": [
			"Caption",
			"OSArchitecture",
			"Status"
		],
		"metrics": [
			"FreePhysicalMemory",
			"FreeSpaceInPagingFiles",
			"FreeVirtualMemory",
			"LastBootUpTime",
			"MaxNumberOfProcesses",
			"MaxProcessMemorySize",
			"NumberOfLicensedUsers",
			"NumberOfProcesses",
			"NumberOfUsers",
			"TotalVirtualMemorySize",
			"TotalVisibleMemorySize"
		]
	},
	{
		"object_type": "check",
		"name": "cim_disk",
		"command": "cim",
		"class_name": "Win32_LogicalDisk",
		"alias": "cim_disk",
		"tag_properties": [
			"Caption",
			"DriveType",
			"Description"
		],
		"check_interval": 300,
		"stale_timeout": 900,
		"metrics": [
			"FreeSpace",
			"Size"
		]
	},
	{
		"object_type": "check",
		"name": "cim_perfcpu",
		"command": "cim",
		"class_name": "Win32_PerfRawData_PerfOS_Processor",
		"alias": "cim_perfcpu",
		"tag_properties": [ "Name" ],
		"check_interval": 120,
		"stale_timeout": 360,
		"metrics": [
			"C1TransitionsPersec",
			"C2TransitionsPersec",
			"C3TransitionsPersec",
			"DPCRate",
			"DPCsQueuedPersec",
			"InterruptsPersec",
			"PercentC1Time",
			"PercentC2Time",
			"PercentC3Time",
			"PercentDPCTime",
			"PercentIdleTime",
			"PercentInterruptTime",
			"PercentPrivilegedTime",
			"PercentProcessorTime",
			"PercentUserTime",
			"Timestamp_PerfTime",
			"Timestamp_Sys100NS",
			"Timestamp_Object"
		]
	},
	{
		"object_type": "check",
		"name": "cim_pagefile",
		"command": "cim",
		"class_name": "Win32_PageFileUsage",
		"alias": "cim_pagefile",
		"tag_properties": [ "Name" ],
		"check_interval": 300,
		"stale_timeout": 900,
		"metrics": [
			"AllocatedBaseSize",
			"CurrentUsage",
			"PeakUsage"
		]
	},
	{
		"object_type": "check",
		"name": "cim_perfdisk",
		"command": "cim",
		"class_name": "Win32_PerfRawData_PerfDisk_PhysicalDisk",
		"alias": "cim_perfdisk",
		"tag_properties": [ "Name" ],
		"check_interval": 300,
		"stale_timeout": 900,
		"metrics": [
			"AvgDiskBytesPerRead",
			"AvgDiskBytesPerRead_Base",
			"AvgDiskBytesPerTransfer",
			"AvgDiskBytesPerTransfer_Base",
			"AvgDiskBytesPerWrite",
			"AvgDiskBytesPerWrite_Base",
			"AvgDiskQueueLength",
			"AvgDiskReadQueueLength",
			"AvgDisksecPerRead",
			"AvgDisksecPerRead_Base",
			"AvgDisksecPerTransfer",
			"AvgDisksecPerTransfer_Base",
			"AvgDisksecPerWrite",
			"AvgDisksecPerWrite_Base",
			"AvgDiskWriteQueueLength",
			"CurrentDiskQueueLength",
			"DiskBytesPersec",
			"DiskReadBytesPersec",
			"DiskReadsPersec",
			"DiskTransfersPersec",
			"DiskWriteBytesPersec",
			"DiskWritesPersec",
			"PercentDiskReadTime",
			"PercentDiskReadTime_Base",
			"PercentDiskTime",
			"PercentDiskTime_Base",
			"PercentDiskWriteTime",
			"PercentDiskWriteTime_Base",
			"PercentIdleTime",
			"PercentIdleTime_Base",
			"SplitIOPerSec",
			"Timestamp_Sys100NS",
			"Timestamp_Object"
		]
	},
	{
		"object_type": "check",
		"name": "cim_perfnic",
		"command": "cim",
		"class_name": "Win32_PerfRawData_Tcpip_NetworkInterface",
		"alias": "cim_perfnic",
		"tag_properties": [ "Name" ],
		"check_interval": 300,
		"stale_timeout": 900,
		"metrics": [
			"BytesReceivedPersec",
			"BytesSentPersec",
			"BytesTotalPersec",
			"CurrentBandwidth",
			"OffloadedConnections",
			"OutputQueueLength",
			"PacketsOutboundDiscarded",
			"PacketsOutboundErrors",
			"PacketsPersec",
			"PacketsReceivedDiscarded",
			"PacketsReceivedErrors",
			"PacketsReceivedNonUnicastPersec",
			"PacketsReceivedPersec",
			"PacketsReceivedUnicastPersec",
			"PacketsReceivedUnknown",
			"PacketsSentNonUnicastPersec",
			"PacketsSentPersec",
			"PacketsSentUnicastPersec",
			"TCPActiveRSCConnections",
			"TCPRSCAveragePacketSize",
			"TCPRSCCoalescedPacketsPersec",
			"TCPRSCExceptionsPersec",
			"Timestamp_Object"
		]
	},
	{
		"object_type": "check",
		"name": "cim_perfprocess",
		"command": "cim",
		"class_name": "Win32_PerfRawData_PerfProc_Process",
		"alias": "cim_perfproc",
		"tag_properties": [ "Name", "IDProcess" ],
		"check_interval": 300,
		"stale_timeout": 900,
		"metrics": [
			"IODataBytesPersec",
			"IODataOperationsPersec",
			"IOOtherBytesPersec",
			"IOOtherOperationsPersec",
			"IOReadBytesPersec",
			"IOReadOperationsPersec",
			"IOWriteBytesPersec",
			"IOWriteOperationsPersec",
			"PageFaultsPersec",
			"PageFileBytes",
			"PageFileBytesPeak",
			"PercentPrivilegedTime",
			"PercentProcessorTime",
			"PercentUserTime",
			"PoolNonpagedBytes",
			"PoolPagedBytes",
			"PriorityBase",
			"PrivateBytes",
			"ThreadCount",
			"VirtualBytes",
			"VirtualBytesPeak",
			"WorkingSet",
			"WorkingSetPeak",
			"WorkingSetPrivate",
			"Timestamp_PerfTime"
		]
	},
	{
		"object_type": "check",
		"name": "cim_perftssession",
		"command": "cim",
		"class_name": "Win32_PerfRawData_TermService_TerminalServicesSession",
		"alias": "cim_perftssession",
		"tag_properties": [ "Name" ],
		"check_interval": 300,
		"stale_timeout": 900,
		"metrics": [
			"HandleCount",
			"PageFaultsPersec",
			"PageFileBytes",
			"PageFileBytesPeak",
			"PercentPrivilegedTime",
			"PercentProcessorTime",
			"PercentUserTime",
			"PoolNonpagedBytes",
			"PoolPagedBytes",
			"PrivateBytes",
			"ThreadCount",
			"VirtualBytes",
			"VirtualBytesPeak",
			"WorkingSet",
			"WorkingSetPeak",
			"Timestamp_PerfTime"
		]
	},
	{
		"object_type": "check",
		"name": "template_cim_events",
		"command": "cim_logs",
		"time_property": "TimeGenerated",
		"check_interval": 300,
		"stale_timeout": 900,
		"event_type": 3,
		"metrics": [
			"ls_events"
		],
		"register": false
	},
	{
		"object_type": "check",
		"name": "cim_system_events",
		"alias": "cim_system_events",
		"logfile": "System",
		"use": [
			"template_cim_events"
		]
	},
	{
		"object_type": "check",
		"name": "cim_application_events",
		"alias": "cim_application_events",
		"logfile": "Application",
		"use": [
			"template_cim_events"
		]
	},
	{
		"object_type": "check",
		"name": "cim_service",
		"command": "cim",
		"class_name": "Win32_Service",
		"alias": "cim_service",
		"check_interval": 300,
		"stale_timeout": 900,
		"tag_properties": [
			"Caption",
			"DisplayName",
			"ServiceType"
		],
		"metrics": [
			"State",
			"Status"
		],
		"value_mappings": {
			"State": {
				"Running": 1,
				"*": 0
			},
			"Status": {
				"OK": 1,
				"*": 0
			}
		}
	},
	{
		"object_type": "check",
		"name": "cim_certificates",
		"command": "cim_certificates",
		"alias": "cim_certificates",
		"tag_properties": [ "sslcertkeyname" ],
		"check_interval": 300,
		"stale_timeout": 900,
		"metrics": [ "ssldaystoexpire" ]
	},
	{
		"object_type": "check",
		"name": "cim_perfiis",
		"command": "cim",
		"class_name": "Win32_PerfRawData_W3SVC_WebService",
		"alias": "cim_perfiis",
		"tag_properties": [ "Name" ],
		"check_interval": 300,
		"stale_timeout": 900,
		"metrics": [
			"AnonymousUsersPersec",
			"BytesReceivedPersec",
			"BytesSentPersec",
			"BytesTotalPersec",
			"CGIRequestsPersec",
			"ConnectionAttemptsPersec",
			"CopyRequestsPersec",
			"CurrentAnonymousUsers",
			"CurrentBlockedAsyncIORequests",
			"Currentblockedbandwidthbytes",
			"CurrentCALcountforauthenticatedusers",
			"CurrentCALcountforSSLconnections",
			"CurrentCGIRequests",
			"CurrentConnections",
			"CurrentISAPIExtensionRequests",
			"CurrentNonAnonymousUsers",
			"DeleteRequestsPersec",
			"FilesPersec",
			"FilesReceivedPersec",
			"FilesSentPersec",
			"Frequency_Object",
			"Frequency_PerfTime",
			"Frequency_Sys100NS",
			"GetRequestsPersec",
			"HeadRequestsPersec",
			"ISAPIExtensionRequestsPersec",
			"LockedErrorsPersec",
			"LockRequestsPersec",
			"LogonAttemptsPersec",
			"MaximumAnonymousUsers",
			"MaximumCALcountforauthenticatedusers",
			"MaximumCALcountforSSLconnections",
			"MaximumCGIRequests",
			"MaximumConnections",
			"MaximumISAPIExtensionRequests",
			"MaximumNonAnonymousUsers",
			"MeasuredAsyncIOBandwidthUsage",
			"MkcolRequestsPersec",
			"MoveRequestsPersec",
			"NonAnonymousUsersPersec",
			"NotFoundErrorsPersec",
			"OptionsRequestsPersec",
			"OtherRequestMethodsPersec",
			"PostRequestsPersec",
			"PropfindRequestsPersec",
			"ProppatchRequestsPersec",
			"PutRequestsPersec",
			"SearchRequestsPersec",
			"ServiceUptime",
			"Timestamp_Object",
			"Timestamp_PerfTime",
			"Timestamp_Sys100NS",
			"TotalAllowedAsyncIORequests",
			"TotalAnonymousUsers",
			"TotalBlockedAsyncIORequests",
			"Totalblockedbandwidthbytes",
			"TotalBytesReceived",
			"TotalBytesSent",
			"TotalBytesTransferred",
			"TotalCGIRequests",
			"TotalConnectionAttemptsallinstances",
			"TotalCopyRequests",
			"TotalcountoffailedCALrequestsforauthenticatedusers",
			"TotalcountoffailedCALrequestsforSSLconnections",
			"TotalDeleteRequests",
			"TotalFilesReceived",
			"TotalFilesSent",
			"TotalFilesTransferred",
			"TotalGetRequests",
			"TotalHeadRequests",
			"TotalISAPIExtensionRequests",
			"TotalLockedErrors",
			"TotalLockRequests",
			"TotalLogonAttempts",
			"TotalMethodRequests",
			"TotalMethodRequestsPersec",
			"TotalMkcolRequests",
			"TotalMoveRequests",
			"TotalNonAnonymousUsers",
			"TotalNotFoundErrors",
			"TotalOptionsRequests",
			"TotalOtherRequestMethods",
			"TotalPostRequests",
			"TotalPropfindRequests",
			"TotalProppatchRequests",
			"TotalPutRequests",
			"TotalRejectedAsyncIORequests",
			"TotalSearchRequests",
			"TotalTraceRequests",
			"TotalUnlockRequests",
			"TraceRequestsPersec",
			"UnlockRequestsPersec"
		]
	},
	{
		"object_type": "check",
		"name": "cim_perflsa",
		"command": "cim",
		"class_name": "Win32_PerfRawData_Lsa_SecuritySystemWideStatistics",
		"alias": "cim_perflsa",
		"check_interval": 300,
		"stale_timeout": 900,
		"metrics": [
			"ActiveSchannelSessionCacheEntries",
			"DigestAuthentications",
			"ForwardedKerberosRequests",
			"Frequency_Object",
			"Frequency_PerfTime",
			"Frequency_Sys100NS",
			"KDCarmoredASRequests",
			"KDCarmoredTGSRequests",
			"KDCASRequests",
			"KDCclaimsawareASRequests",
			"KDCclaimsawareserviceassertedidentityTGSrequests",
			"KDCclaimsawareTGSRequests",
			"KDCclassictypeconstraineddelegationTGSRequests",
			"KDCresourcetypeconstraineddelegationTGSRequests",
			"KDCTGSRequests",
			"KerberosAuthentications",
			"NTLMAuthentications",
			"SchannelSessionCacheEntries",
			"SSLClientSideFullHandshakes",
			"SSLClientSideReconnectHandshakes",
			"SSLServerSideFullHandshakes",
			"SSLServerSideReconnectHandshakes",
			"Timestamp_Object",
			"Timestamp_PerfTime",
			"Timestamp_Sys100NS"
		]
	},
	{
		"object_type": "check",
		"name": "cim_perfadds",
		"command": "cim",
		"class_name": "Win32_PerfRawData_DirectoryServices_DirectoryServices",
		"alias": "cim_perfadds",
		"check_interval": 300,
		"stale_timeout": 900,
		"metrics": [
			"ABANRPersec",
			"ABBrowsesPersec",
			"ABClientSessions",
			"ABMatchesPersec",
			"ABPropertyReadsPersec",
			"ABProxyLookupsPersec",
			"ABSearchesPersec",
			"ApproximatehighestDNT",
			"ATQEstimatedQueueDelay",
			"ATQOutstandingQueuedRequests",
			"ATQQueueLatency",
			"ATQRequestLatency",
			"ATQThreadsLDAP",
			"ATQThreadsOther",
			"ATQThreadsTotal",
			"BasesearchesPersec",
			"DatabaseaddsPersec",
			"DatabasedeletesPersec",
			"DatabasemodifysPersec",
			"DatabaserecyclesPersec",
			"DigestBindsPersec",
			"DirSyncsessionsinprogress",
			"DirSyncsessionthrottlingrate",
			"DRAHighestUSNCommittedHighpart",
			"DRAHighestUSNCommittedLowpart",
			"DRAHighestUSNIssuedHighpart",
			"DRAHighestUSNIssuedLowpart",
			"DRAInboundBytesCompressedBetweenSitesAfterCompressionPersec",
			"DRAInboundBytesCompressedBetweenSitesAfterCompressionSinceBoot",
			"DRAInboundBytesCompressedBetweenSitesBeforeCompressionPersec",
			"DRAInboundBytesCompressedBetweenSitesBeforeCompressionSinceBoot",
			"DRAInboundBytesNotCompressedWithinSitePersec",
			"DRAInboundBytesNotCompressedWithinSiteSinceBoot",
			"DRAInboundBytesTotalPersec",
			"DRAInboundBytesTotalSinceBoot",
			"DRAInboundFullSyncObjectsRemaining",
			"DRAInboundLinkValuesPersec",
			"DRAInboundLinkValueUpdatesRemaininginPacket",
			"DRAInboundObjectsAppliedPersec",
			"DRAInboundObjectsFilteredPersec",
			"DRAInboundObjectsPersec",
			"DRAInboundObjectUpdatesRemaininginPacket",
			"DRAInboundPropertiesAppliedPersec",
			"DRAInboundPropertiesFilteredPersec",
			"DRAInboundPropertiesTotalPersec",
			"DRAInboundSyncLinkDeletionPersec",
			"DRAInboundTotalUpdatesRemaininginPacket",
			"DRAInboundValuesDNsonlyPersec",
			"DRAInboundValuesTotalPersec",
			"DRAnumberofNCreplicationcallssinceboot",
			"DRAnumberofsuccessfulNCreplicationcallssinceboot",
			"DRAOutboundBytesCompressedBetweenSitesAfterCompressionPersec",
			"DRAOutboundBytesCompressedBetweenSitesAfterCompressionSinceBoot",
			"DRAOutboundBytesCompressedBetweenSitesBeforeCompressionPersec",
			"DRAOutboundBytesCompressedBetweenSitesBeforeCompressionSinceBoot",
			"DRAOutboundBytesNotCompressedWithinSitePersec",
			"DRAOutboundBytesNotCompressedWithinSiteSinceBoot",
			"DRAOutboundBytesTotalPersec",
			"DRAOutboundBytesTotalSinceBoot",
			"DRAOutboundObjectsFilteredPersec",
			"DRAOutboundObjectsPersec",
			"DRAOutboundPropertiesPersec",
			"DRAOutboundValuesDNsonlyPersec",
			"DRAOutboundValuesTotalPersec",
			"DRAPendingReplicationOperations",
			"DRAPendingReplicationSynchronizations",
			"DRASyncFailuresonSchemaMismatch",
			"DRASyncRequestsMade",
			"DRASyncRequestsSuccessful",
			"DRAThreadsGettingNCChanges",
			"DRAThreadsGettingNCChangesHoldingSemaphore",
			"DRAtotalnumberofBusyfailuressinceboot",
			"DRAtotalnumberofMissingParentfailuressinceboot",
			"DRAtotalnumberofNotEnoughAttrsPerMissingObjectfailuressinceboot",
			"DRAtotalnumberofPreemptedfailuressinceboot",
			"DRAtotaltimeofapplyingreplicationpackagesinceboot",
			"DRAtotaltimeofNCreplicationcallssinceboot",
			"DRAtotaltimeofsuccessfullyapplyingreplicationpackagesinceboot",
			"DRAtotaltimeofsuccessfulNCreplicationcallssinceboot",
			"DRAtotaltimeonwaitingasyncreplicationpackagessinceboot",
			"DRAtotaltimeonwaitingsyncreplicationpackagessinceboot",
			"DSClientBindsPersec",
			"DSClientNameTranslationsPersec",
			"DSDirectoryReadsPersec",
			"DSDirectorySearchesPersec",
			"DSDirectoryWritesPersec",
			"DSMonitorListSize",
			"DSNameCachehitrate",
			"DSNameCachehitrate_Base",
			"DSNotifyQueueSize",
			"DSPercentReadsfromDRA",
			"DSPercentReadsfromDRA_Base",
			"DSPercentReadsfromKCC",
			"DSPercentReadsfromKCC_Base",
			"DSPercentReadsfromLSA",
			"DSPercentReadsfromLSA_Base",
			"DSPercentReadsfromNSPI",
			"DSPercentReadsfromNSPI_Base",
			"DSPercentReadsfromNTDSAPI",
			"DSPercentReadsfromNTDSAPI_Base",
			"DSPercentReadsfromSAM",
			"DSPercentReadsfromSAM_Base",
			"DSPercentReadsOther",
			"DSPercentReadsOther_Base",
			"DSPercentSearchesfromDRA",
			"DSPercentSearchesfromDRA_Base",
			"DSPercentSearchesfromKCC",
			"DSPercentSearchesfromKCC_Base",
			"DSPercentSearchesfromLDAP",
			"DSPercentSearchesfromLDAP_Base",
			"DSPercentSearchesfromLSA",
			"DSPercentSearchesfromLSA_Base",
			"DSPercentSearchesfromNSPI",
			"DSPercentSearchesfromNSPI_Base",
			"DSPercentSearchesfromNTDSAPI",
			"DSPercentSearchesfromNTDSAPI_Base",
			"DSPercentSearchesfromSAM",
			"DSPercentSearchesfromSAM_Base",
			"DSPercentSearchesOther",
			"DSPercentSearchesOther_Base",
			"DSPercentWritesfromDRA",
			"DSPercentWritesfromDRA_Base",
			"DSPercentWritesfromKCC",
			"DSPercentWritesfromKCC_Base",
			"DSPercentWritesfromLDAP",
			"DSPercentWritesfromLDAP_Base",
			"DSPercentWritesfromLSA",
			"DSPercentWritesfromLSA_Base",
			"DSPercentWritesfromNSPI",
			"DSPercentWritesfromNSPI_Base",
			"DSPercentWritesfromNTDSAPI",
			"DSPercentWritesfromNTDSAPI_Base",
			"DSPercentWritesfromSAM",
			"DSPercentWritesfromSAM_Base",
			"DSPercentWritesOther",
			"DSPercentWritesOther_Base",
			"DSSearchsuboperationsPersec",
			"DSSecurityDescriptorPropagationsEvents",
			"DSSecurityDescriptorPropagatorAverageExclusionTime",
			"DSSecurityDescriptorPropagatorRuntimeQueue",
			"DSSecurityDescriptorsuboperationsPersec",
			"DSServerBindsPersec",
			"DSServerNameTranslationsPersec",
			"DSThreadsinUse",
			"ExternalBindsPersec",
			"FastBindsPersec",
			"Frequency_Object",
			"Frequency_PerfTime",
			"Frequency_Sys100NS",
			"LDAPActiveThreads",
			"LDAPBindTime",
			"LDAPClientSessions",
			"LDAPClosedConnectionsPersec",
			"LDAPNewConnectionsPersec",
			"LDAPNewSSLConnectionsPersec",
			"LDAPPageSearchCacheentriescount",
			"LDAPPageSearchCachesize",
			"LDAPSearchesPersec",
			"LDAPSuccessfulBindsPersec",
			"LDAPUDPoperationsPersec",
			"LDAPWritesPersec",
			"LinkValuesCleanedPersec",
			"NegotiatedBindsPersec",
			"NTLMBindsPersec",
			"OnelevelsearchesPersec",
			"PhantomsCleanedPersec",
			"PhantomsVisitedPersec",
			"RIDPoolinvalidationssinceboot",
			"RIDPoolrequestfailuressinceboot",
			"RIDPoolrequestsuccessessinceboot",
			"SAMAccountGroupEvaluationLatency",
			"SAMDisplayInformationQueriesPersec",
			"SAMDomainLocalGroupMembershipEvaluationsPersec",
			"SAMEnumerationsPersec",
			"SAMGCEvaluationsPersec",
			"SAMGlobalGroupMembershipEvaluationsPersec",
			"SAMMachineCreationAttemptsPersec",
			"SAMMembershipChangesPersec",
			"SAMNonTransitiveMembershipEvaluationsPersec",
			"SAMPasswordChangesPersec",
			"SAMResourceGroupEvaluationLatency",
			"SAMSuccessfulComputerCreationsPersecIncludesallrequests",
			"SAMSuccessfulUserCreationsPersec",
			"SAMTransitiveMembershipEvaluationsPersec",
			"SAMUniversalGroupMembershipEvaluationsPersec",
			"SAMUserCreationAttemptsPersec",
			"SimpleBindsPersec",
			"SubtreesearchesPersec",
			"Timestamp_Object",
			"Timestamp_PerfTime",
			"Timestamp_Sys100NS",
			"TombstonesGarbageCollectedPersec",
			"TombstonesVisitedPersec",
			"Transitiveoperationsmillisecondsrun",
			"TransitiveoperationsPersec",
			"TransitivesuboperationsPersec"
		]
	},
	{
		"object_type": "check",
		"name": "cim_perfdfsr",
		"command": "cim",
		"class_name": "Win32_PerfRawData_dfsr_DFSReplicatedFolders",
		"alias": "cim_perfdfsr",
		"tag_properties": [ "Name", "Description" ],
		"check_interval": 300,
		"stale_timeout": 900,
		"metrics": [
			"BandwidthSavingsUsingDFSReplication",
			"CompressedSizeofFilesReceived",
			"ConflictBytesCleanedup",
			"ConflictBytesGenerated",
			"ConflictFilesCleanedup",
			"ConflictFilesGenerated",
			"ConflictFolderCleanupsCompleted",
			"ConflictSpaceInUse",
			"DeletedBytesCleanedup",
			"DeletedBytesGenerated",
			"DeletedFilesCleanedup",
			"DeletedFilesGenerated",
			"DeletedSpaceInUse",
			"FileInstallsRetried",
			"FileInstallsSucceeded",
			"Frequency_Object",
			"Frequency_PerfTime",
			"Frequency_Sys100NS",
			"RDCBytesReceived",
			"RDCCompressedSizeofFilesReceived",
			"RDCNumberofFilesReceived",
			"RDCSizeofFilesReceived",
			"SizeofFilesReceived",
			"StagingBytesCleanedup",
			"StagingBytesGenerated",
			"StagingFilesCleanedup",
			"StagingFilesGenerated",
			"StagingSpaceInUse",
			"Timestamp_Object",
			"Timestamp_PerfTime",
			"Timestamp_Sys100NS",
			"TotalFilesReceived",
			"UpdatesDropped"
		]
	},
	{
		"object_type": "check",
		"name": "cim_perfadcs",
		"command": "cim",
		"class_name": "Win32_PerfRawData_CertSvc_CertificationAuthority",
		"alias": "cim_perfadcs",
		"tag_properties": [ "Name" ],
		"check_interval": 300,
		"stale_timeout": 900,
		"metrics": [
			"ChallengeResponseprocessingtimems",
			"ChallengeResponsesPersec",
			"FailedRequestsPersec",
			"Frequency_Object",
			"Frequency_PerfTime",
			"Frequency_Sys100NS",
			"IssuedRequestsPersec",
			"PendingRequestsPersec",
			"Requestcryptographicsigningtimems",
			"Requestpolicymoduleprocessingtimems",
			"Requestprocessingtimems",
			"RequestsPersec",
			"Retrievalprocessingtimems",
			"RetrievalsPersec",
			"SignedCertificateTimestampListprocessingtimems",
			"SignedCertificateTimestampListsPersec",
			"Timestamp_Object",
			"Timestamp_PerfTime",
			"Timestamp_Sys100NS"
		]
	},
	{
		"object_type": "check",
		"name": "cim_perfdns",
		"command": "cim",
		"class_name": "Win32_PerfRawData_DNS_DNS",
		"alias": "cim_perfdns",
		"check_interval": 300,
		"stale_timeout": 900,
		"metrics": [
			"AXFRRequestReceived",
			"AXFRRequestSent",
			"AXFRResponseReceived",
			"AXFRSuccessReceived",
			"AXFRSuccessSent",
			"CachingMemory",
			"DatabaseNodeMemory",
			"DataFlushesPersec",
			"DataFlushPagesPersec",
			"DynamicUpdateNoOperation",
			"DynamicUpdateNoOperationPersec",
			"DynamicUpdateQueued",
			"DynamicUpdateReceived",
			"DynamicUpdateReceivedPersec",
			"DynamicUpdateRejected",
			"DynamicUpdateTimeOuts",
			"DynamicUpdateWrittentoDatabase",
			"DynamicUpdateWrittentoDatabasePersec",
			"Frequency_Object",
			"Frequency_PerfTime",
			"Frequency_Sys100NS",
			"IXFRRequestReceived",
			"IXFRRequestSent",
			"IXFRResponseReceived",
			"IXFRSuccessReceived",
			"IXFRSuccessSent",
			"IXFRTCPSuccessReceived",
			"IXFRUDPSuccessReceived",
			"NbstatMemory",
			"NotifyReceived",
			"NotifySent",
			"QueryDroppedBadSocket",
			"QueryDroppedBadSocketPersec",
			"QueryDroppedByPolicy",
			"QueryDroppedByPolicyPersec",
			"QueryDroppedByResponseRateLimiting",
			"QueryDroppedByResponseRateLimitingPersec",
			"QueryDroppedSend",
			"QueryDroppedSendPersec",
			"QueryDroppedTotal",
			"QueryDroppedTotalPersec",
			"RecordFlowMemory",
			"RecursiveQueries",
			"RecursiveQueriesPersec",
			"RecursiveQueryFailure",
			"RecursiveQueryFailurePersec",
			"RecursiveSendTimeOuts",
			"RecursiveTimeOutPersec",
			"ResponsesSuppressed",
			"ResponsesSuppressedPersec",
			"SecureUpdateFailure",
			"SecureUpdateReceived",
			"SecureUpdateReceivedPersec",
			"TCPMessageMemory",
			"TCPQueryReceived",
			"TCPQueryReceivedPersec",
			"TCPResponseSent",
			"TCPResponseSentPersec",
			"Timestamp_Object",
			"Timestamp_PerfTime",
			"Timestamp_Sys100NS",
			"TotalQueryReceived",
			"TotalQueryReceivedPersec",
			"TotalRemoteInflightQueries",
			"TotalResponseSent",
			"TotalResponseSentPersec",
			"UDPMessageMemory",
			"UDPQueryReceived",
			"UDPQueryReceivedPersec",
			"UDPResponseSent",
			"UDPResponseSentPersec",
			"UnmatchedResponsesReceived",
			"WINSLookupReceived",
			"WINSLookupReceivedPersec",
			"WINSResponseSent",
			"WINSResponseSentPersec",
			"WINSReverseLookupReceived",
			"WINSReverseLookupReceivedPersec",
			"WINSReverseResponseSent",
			"WINSReverseResponseSentPersec",
			"ZoneTransferFailure",
			"ZoneTransferRequestReceived",
			"ZoneTransferSOARequestSent",
			"ZoneTransferSuccess"
		]
	},
	{
		"object_type": "check",
		"name": "cim_perfsmb_server",
		"command": "cim",
		"class_name": "Win32_PerfRawData_Counters_SMBServerShares",
		"alias": "cim_perfsmb_server",
		"tag_properties": [ "Name" ],
		"check_interval": 300,
		"stale_timeout": 900,
		"metrics": [
			"AvgBytesPerRead",
			"AvgBytesPerRead_Base",
			"AvgBytesPerWrite",
			"AvgBytesPerWrite_Base",
			"AvgDataBytesPerRequest",
			"AvgDataBytesPerRequest_Base",
			"AvgDataQueueLength",
			"AvgReadQueueLength",
			"AvgsecPerDataRequest",
			"AvgsecPerDataRequest_Base",
			"AvgsecPerRead",
			"AvgsecPerRead_Base",
			"AvgsecPerRequest",
			"AvgsecPerRequest_Base",
			"AvgsecPerWrite",
			"AvgsecPerWrite_Base",
			"AvgWriteQueueLength",
			"CurrentDataQueueLength",
			"CurrentDurableOpenFileCount",
			"CurrentOpenFileCount",
			"CurrentPendingRequests",
			"DataBytesPersec",
			"DataRequestsPersec",
			"FilesOpenedPersec",
			"Frequency_Object",
			"Frequency_PerfTime",
			"Frequency_Sys100NS",
			"MetadataRequestsPersec",
			"PercentPersistentHandles",
			"PercentPersistentHandles_Base",
			"PercentResilientHandles",
			"PercentResilientHandles_Base",
			"ReadBytesPersec",
			"ReadRequestsPersec",
			"ReceivedBytesPersec",
			"RequestsPersec",
			"SentBytesPersec",
			"Timestamp_Object",
			"Timestamp_PerfTime",
			"Timestamp_Sys100NS",
			"TotalDurableHandleReopenCount",
			"TotalFailedDurableHandleReopenCount",
			"TotalFailedPersistentHandleReopenCount",
			"TotalFailedResilientHandleReopenCount",
			"TotalFileOpenCount",
			"TotalPersistentHandleReopenCount",
			"TotalResilientHandleReopenCount",
			"TransferredBytesPersec",
			"TreeConnectCount",
			"WriteBytesPersec",
			"WriteRequestsPersec"
		]
	},
	{
		"object_type": "check",
		"name": "cim_perfprint",
		"command": "cim",
		"class_name": "Win32_PerfRawData_Spooler_PrintQueue",
		"alias": "cim_perfprint",
		"tag_properties": [ "Name" ],
		"check_interval": 300,
		"stale_timeout": 900,
		"metrics": [
			"AddNetworkPrinterCalls",
			"BytesPrintedPersec",
			"EnumerateNetworkPrinterCalls",
			"Frequency_Object",
			"Frequency_PerfTime",
			"Frequency_Sys100NS",
			"JobErrors",
			"Jobs",
			"JobsSpooling",
			"MaxJobsSpooling",
			"MaxReferences",
			"NotReadyErrors",
			"OutofPaperErrors",
			"References",
			"Timestamp_Object",
			"Timestamp_PerfTime",
			"Timestamp_Sys100NS",
			"TotalJobsPrinted",
			"TotalPagesPrinted"
		]
	}
]
