[
	{
		"object_type": "check",
		"name": "snmp_ns_info",
		"command": "snmp_vars",
		"mib_variable_name_list": [
			"NS-ROOT-MIB::sysBuildVersion",
			"NS-ROOT-MIB::sysIpAddress",
			"NS-ROOT-MIB::sysNetmask",
			"NS-ROOT-MIB::sysGateway",
			"NS-ROOT-MIB::sysHardwareVersionDesc",
			"NS-ROOT-MIB::sysCustomID",
			"NS-ROOT-MIB::sysHighAvailabilityMode",
			"NS-ROOT-MIB::sysCurMappedIpCount",
			"NS-ROOT-MIB::sysHardwareSerialNumber",
			"NS-ROOT-MIB::sysModelId",
			"NS-ROOT-MIB::haCurState",
			"NS-ROOT-MIB::numPEs",
			"NS-ROOT-MIB::sslCards",
			"NS-ROOT-MIB::haNicsMonitorFailed"
		],
		"tag_properties": [
			"sysBuildVersion",
			"sysIpAddress",
			"sysNetmask",
			"sysGateway",
			"sysHardwareVersionDesc",
			"sysCustomID",
			"sysHighAvailabilityMode",
			"sysHardwareSerialNumber",
			"sysModelId",
			"haCurState",
			"numPEs",
			"sslCards",
			"haNicsMonitorFailed"
		],
		"alias": "snmp_ns_info",
		"check_interval": 600,
		"stale_timeout": 1800,
		"metrics": [
			"sysCurMappedIpCount"
		]

	},
	{
		"object_type": "check",
		"name": "snmp_ns_stats",
		"command": "snmp_vars",
		"mib_variable_name_list": [
			"RFC1213-MIB::sysUpTime",
			"NS-ROOT-MIB::resCpuUsage",
			"NS-ROOT-MIB::resMemUsage",
			"NS-ROOT-MIB::sysTotConfigChanges",
			"NS-ROOT-MIB::sysTotSaveConfigs",
			"NS-ROOT-MIB::haTotStateTransitions",
			"NS-ROOT-MIB::haTimeofLastStateTransition",
			"NS-ROOT-MIB::haTotStateFail",
			"NS-ROOT-MIB::haErrSyncFailure"
		],
		"alias": "snmp_ns_stats",
		"check_interval": 60,
		"stale_timeout": 180,
		"metrics": [
			"sysUpTime",
			"resCpuUsage",
			"resMemUsage",
			"sysTotConfigChanges",
			"sysTotSaveConfigs",
			"haTotStateTransitions",
			"haTimeofLastStateTransition",
			"haTotStateFail",
			"haErrSyncFailure"
		]
	},
	{
		"object_type": "check",
		"name": "snmp_ns_disk",
		"tag_properties": [
			"sysHealthDiskName"
		],
		"command": "snmp_table",
		"table": "NS-ROOT-MIB::nsSysHealthDiskTable",
		"alias": "snmp_ns_disk",
		"check_interval": 600,
		"stale_timeout": 1800,
		"metrics": [
			"sysHealthDiskPerusage"
		]
	},
	{
		"object_type": "check",
		"name": "snmp_ns_certkey",
		"tag_properties": [
			"sslCertKeyName",
			"sslInputFormat"
		],
		"command": "snmp_table",
		"table": "NS-ROOT-MIB::sslCertKeyTable",
		"alias": "snmp_ns_certkey",
		"check_interval": 600,
		"stale_timeout": 1800,
		"metrics": [
			"sslDaysToExpire"
		]
	},
	{
		"object_type": "check",
		"name": "snmp_ns_appfwstats",
		"tag_properties": [
			"appfwprofileName",
			"appfwProfileFullName"
		],
		"command": "snmp_table",
		"table": "NS-ROOT-MIB::appfwProfileTable",
		"alias": "snmp_ns_appfwstats",
		"check_interval": 60,
		"stale_timeout": 180,
		"metrics": [
			"appfwappFirewallRequestsPerProfile",
			"appfwappFirewallResponsesPerProfile",
			"appfwappFirewallAbortsPerProfile",
			"appfwappFirewallRedirectsPerProfile",
			"appfwappFirewallViolStartURLPerProfile",
			"appfwappFirewallViolDenyURLPerProfile",
			"appfwappFirewallViolRefererHeaderPerProfile",
			"appfwappFirewallViolBufferOverflowPerProfile",
			"appfwappFirewallViolCSRFtagPerProfile",
			"appfwappFirewallViolCookiePerProfile",
			"appfwappFirewallViolXSSPerProfile",
			"appfwappFirewallViolSQLPerProfile",
			"appfwappFirewallViolFieldformatPerProfile",
			"appfwappFirewallViolFieldConsistencyPerProfile",
			"appfwappFirewallViolCreditCardPerProfile",
			"appfwappFirewallViolSafeObjectPerProfile",
			"appfwappFirewallViolWellformednessViolationsPerProfile",
			"appfwappFirewallViolXdosViolationsPerProfile",
			"appfwappFirewallViolMsgValViolationsPerProfile",
			"appfwappFirewallViolWSIViolationsPerProfile",
			"appfwappFirewallViolXmlSqlViolationsPerProfile",
			"appfwappFirewallViolXmlXssViolationsPerProfile",
			"appfwappFirewallViolXmlAttachmentViolationsPerProfile",
			"appfwappFirewallTotalViolPerProfile",
			"appfwappFirewallRet4xxPerProfile",
			"appfwappFirewallRet5xxPerProfile",
			"appfwappFirewallViolXmlSoapFaultViolationsPerProfile",
			"appfwappFirewallReqBytesPerProfile",
			"appfwappFirewallResBytesPerProfile",
			"appfwappFirewallLongAvgRespTimePerProfile",
			"appfwappFirewallShortAvgRespTimePerProfile",
			"appfwappFirewallViolXmlGenericViolationsPerProfile",
			"appfwappFirewallViolSignaturePerProfile",
			"appfwappFirewallViolJsonDosPerProfile",
			"appfwappFirewallViolJsonSqlPerProfile",
			"appfwappFirewallViolJsonXssPerProfile",
			"appfwappFirewallViolFileUploadTypesPerProfile",
			"appfwappFirewallXMLPayloadContentTypeMismatchPerProfile",
			"appfwappFirewallViolCookieHijackPerProfile",
			"appfwappFirewallViolCMDPerProfile",
			"appfwappFirewallPostBodyLimitViolationsPerProfile",
			"appfwappFirewallViolJsonCmdPerProfile",
			"appfwappFirewallViolJsonSqlGramPerProfile",
			"appfwappFirewallViolSQLGramPerProfile"
		]
	},
	{
		"object_type": "check",
		"name": "snmp_ns_vserverstats",
		"tag_properties": [
			"vsvrName",
			"vsvrIpAddress",
			"vsvrType",
			"vsvrState",
			"vsvrTdId",
			"vsvrEntityType"
		],
		"command": "snmp_table",
		"table": "NS-ROOT-MIB::vserverTable",
		"alias": "snmp_ns_vserverstats",
		"check_interval": 60,
		"stale_timeout": 180,
		"metrics": [
		   "vsvrCurClntConnections",
		   "vsvrCurSrvrConnections",
		   "vsvrSurgeCount",
		   "vsvrTotalRequests",
		   "vsvrTotalRequestBytes",
		   "vsvrTotalResponses",
		   "vsvrTotalResponseBytes",
		   "vsvrTotalPktsRecvd",
		   "vsvrTotalPktsSent",
		   "vsvrTotalSynsRecvd",
		   "vsvrCurServicesDown",
		   "vsvrCurServicesUnKnown",
		   "vsvrCurServicesOutOfSvc",
		   "vsvrCurServicesTransToOutOfSvc",
		   "vsvrCurServicesUp",
		   "vsvrTotMiss",
		   "vsvrTotHits",
		   "vsvrTotSpillOvers",
		   "vsvrTotalClients",
		   "vsvrCurSslVpnUsers",
		   "vsvrTotalServicesBound",
		   "vsvrHealth",
		   "vsvrTicksSinceLastStateChange",
		   "vsvrTotalServers",
		   "vsvrInvalidRequestResponse",
		   "vsvrInvalidRequestResponseDropped",
		   "vsvrSoThreshold",
		   "vsvrEstablishedConn",
		   "vsvrCurTotalVpnUsers",
		   "vsvrCurMptcpSessions",
		   "vsvrCursubflowConn",
		   "vsvrCurPersistenceSessions",
		   "vsvrCurBackupPersistenceSessions",
		   "vsvrtotalConnReassemblyQueueFlush",
		   "vsvrtotalConnReassemblyQueue75",
		   "vsvrtotalSvrBusyErr",
		   "vsvrTotalH2Responses",
		   "vsvrTotalH2Requests",
		   "vsvrCpuUsagePm"
		]
	},
	{
		"object_type": "check",
		"name": "snmp_ns_ipstats",
		"command": "snmp_table",
		"table": "NS-ROOT-MIB::nsIpStatsGroup",
		"alias": "snmp_ns_ipstats",
		"check_interval": 60,
		"stale_timeout": 180,
		"metrics": [
			"ipTotRxPkts",
			"ipTotRxBytes",
			"ipTotRxMbits",
			"ipTotTxPkts",
			"ipTotTxBytes",
			"ipTotTxMbits",
			"ipTotFragments",
			"ipTotBadlens",
			"ipTotBadMacAddrs",
			"ipTotMaxClients",
			"ipTotUnknownSvcs",
			"ipTotLandattacks",
			"ipTotBadChecksums",
			"ipTotReassemblyAttempt",
			"ipTotSuccReassembly",
			"ipTotUnsuccReassembly",
			"ipTotTooBig",
			"ipTotZeroFragmentLen",
			"ipTotDupFragments",
			"ipTotOutOfOrderFrag",
			"ipTotUnknownDstRcvd",
			"ipTotBadTransport",
			"ipTotVIPDown",
			"ipTotFixHeaderFail",
			"ipTotAddrLookup",
			"ipTotAddrLookupFail",
			"ipTotUDPfragmentsFwd",
			"ipTotTCPfragmentsFwd",
			"ipTotFragPktsGen",
			"ipTotInvalidHeaderSz",
			"ipTotInvalidPacketSize",
			"ipTotTruncatedPackets",
			"ipTotZeroNextHop",
			"ipTotTtlExpired",
			"nonIpTotTruncatedPackets"
		]
	},
	{
		"object_type": "check",
		"name": "snmp_ns_sslstats",
		"command": "snmp_table",
		"table": "NS-ROOT-MIB::nsSslStatsGroup",
		"alias": "snmp_ns_sslstats",
		"check_interval": 60,
		"stale_timeout": 180,
		"metrics": [
			"sslTotTransactions",
			"sslTotSessions",
			"sslTotExpiredSessions",
			"sslTotNewSessions",
			"sslTotRenegSessions",
			"sslBeTotSessions",
			"sslCurSessions",
			"sslTotDec",
			"sslTotDecBE",
			"sslTotDecFE",
			"sslTotEnc",
			"sslTotEncBE",
			"sslTotEncFE"
		]
	},
	{
		"object_type": "check",
		"name": "snmp_ns_httpstats",
		"command": "snmp_table",
		"table": "NS-ROOT-MIB::nsHttpStatsGroup",
		"alias": "snmp_ns_httpstats",
		"check_interval": 60,
		"stale_timeout": 180,
		"metrics": [
			"httpTotGets",
			"httpTotPosts",
			"httpTotOthers",
			"httpTotRxRequestBytes",
			"httpTotRxResponseBytes",
			"httpTotTxRequestBytes",
			"httpTotTxResponseBytes",
			"httpTotResponses",
			"httpErrIncompleteRequests",
			"httpErrIncompleteResponses",
			"httpErrIncompleteHeaders",
			"httpErrServerBusy",
			"httpTotRequests"
		]
	},
	{
		"object_type": "check",
		"name": "snmp_ns_ifstats",
		"command": "snmp_table",
		"table": "NS-ROOT-MIB::nsIfStatsTable",
		"alias": "snmp_ns_ifstats",
		"check_interval": 60,
		"stale_timeout": 180,
		"tag_properties": [
			"ifName"
		],
		"metrics": [
			"ifTotRxBytes",
			"ifTotRxPkts",
			"ifTotTxBytes",
			"ifTotTxPkts",
			"ifRxCRCErrors",
			"ifErrPktRx",
			"ifErrPktTx"
		]
	},
	{
		"object_type": "check",
		"name": "snmp_ns_aaastats",
		"command": "snmp_table",
		"table": "NS-ROOT-MIB::nsAaaStatsGroup",
		"alias": "snmp_ns_aaastats",
		"check_interval": 60,
		"stale_timeout": 180,
		"metrics": [
			"aaaAuthFail",
			"aaaAuthSuccess",
			"aaaAuthNonHttpFail",
			"aaaTotSessions",
			"aaaCurSessions",
			"aaaCurICASessions",
			"aaaCurICAOnlyConn"
		]
	}
]
