{
  "annotations": {
    "list": [
      {
        "builtIn": 1,
        "datasource": {
          "type": "grafana",
          "uid": "-- Grafana --"
        },
        "enable": true,
        "hide": true,
        "iconColor": "rgba(0, 211, 255, 1)",
        "name": "Annotations & Alerts",
        "type": "dashboard"
      }
    ]
  },
  "editable": true,
  "fiscalYearStartMonth": 0,
  "graphTooltip": 0,
  "id": 64,
  "links": [],
  "panels": [
    {
      "datasource": {
        "type": "prometheus",
        "uid": "${ds_samm_prometheus}"
      },
      "fieldConfig": {
        "defaults": {
          "color": {
            "mode": "thresholds"
          },
          "mappings": [],
          "thresholds": {
            "mode": "absolute",
            "steps": [
              {
                "color": "#5794f2"
              },
              {
                "color": "#e02f44",
                "value": 80
              }
            ]
          }
        },
        "overrides": []
      },
      "gridPos": {
        "h": 2,
        "w": 12,
        "x": 0,
        "y": 0
      },
      "id": 7,
      "options": {
        "colorMode": "background",
        "graphMode": "none",
        "justifyMode": "auto",
        "orientation": "auto",
        "percentChangeColorMode": "standard",
        "reduceOptions": {
          "calcs": [
            "lastNotNull"
          ],
          "fields": "",
          "values": false
        },
        "showPercentChange": false,
        "textMode": "name",
        "wideLayout": true
      },
      "pluginVersion": "12.0.1",
      "targets": [
        {
          "datasource": {
            "type": "prometheus",
            "uid": "${ds_samm_prometheus}"
          },
          "disableTextWrap": false,
          "editorMode": "builder",
          "expr": "xen_host_info{uuid=\"$xen_host_uuid\"}",
          "fullMetaSearch": false,
          "includeNullMetadata": true,
          "instant": false,
          "legendFormat": "{{name_label}}",
          "range": true,
          "refId": "A",
          "useBackend": false
        }
      ],
      "title": "",
      "transparent": true,
      "type": "stat"
    },
    {
      "datasource": {
        "type": "prometheus",
        "uid": "${ds_samm_prometheus}"
      },
      "fieldConfig": {
        "defaults": {
          "color": {
            "mode": "thresholds"
          },
          "mappings": [],
          "max": 1,
          "min": 0,
          "thresholds": {
            "mode": "absolute",
            "steps": [
              {
                "color": "#73bf69"
              },
              {
                "color": "#f59e0b",
                "value": 0.6
              },
              {
                "color": "#e02f44",
                "value": 0.8
              }
            ]
          },
          "unit": "percentunit"
        },
        "overrides": []
      },
      "gridPos": {
        "h": 5,
        "w": 1,
        "x": 12,
        "y": 0
      },
      "id": 1,
      "options": {
        "displayMode": "lcd",
        "legend": {
          "calcs": [],
          "displayMode": "list",
          "placement": "bottom",
          "showLegend": false
        },
        "maxVizHeight": 16,
        "minVizHeight": 16,
        "minVizWidth": 8,
        "namePlacement": "auto",
        "orientation": "vertical",
        "reduceOptions": {
          "calcs": [
            "lastNotNull"
          ],
          "fields": "",
          "values": false
        },
        "showUnfilled": true,
        "sizing": "manual",
        "text": {
          "titleSize": 12,
          "valueSize": 11
        },
        "valueMode": "color"
      },
      "pluginVersion": "12.0.1",
      "targets": [
        {
          "datasource": {
            "type": "prometheus",
            "uid": "${ds_samm_prometheus}"
          },
          "disableTextWrap": false,
          "editorMode": "builder",
          "expr": "xen_host_cpu_avg{uuid=\"$xen_host_uuid\"}",
          "fullMetaSearch": false,
          "includeNullMetadata": true,
          "instant": false,
          "legendFormat": "__auto",
          "range": true,
          "refId": "A",
          "useBackend": false
        }
      ],
      "title": "CPU",
      "transparent": true,
      "type": "bargauge"
    },
    {
      "datasource": {
        "type": "prometheus",
        "uid": "${ds_samm_prometheus}"
      },
      "description": "",
      "fieldConfig": {
        "defaults": {
          "color": {
            "mode": "thresholds"
          },
          "mappings": [],
          "max": 1,
          "min": 0,
          "thresholds": {
            "mode": "absolute",
            "steps": [
              {
                "color": "#73bf69"
              },
              {
                "color": "#f59e0b",
                "value": 0.6
              },
              {
                "color": "#e02f44",
                "value": 0.8
              }
            ]
          },
          "unit": "percentunit"
        },
        "overrides": []
      },
      "gridPos": {
        "h": 5,
        "w": 1,
        "x": 13,
        "y": 0
      },
      "id": 15,
      "options": {
        "displayMode": "lcd",
        "legend": {
          "calcs": [],
          "displayMode": "list",
          "placement": "bottom",
          "showLegend": false
        },
        "maxVizHeight": 16,
        "minVizHeight": 16,
        "minVizWidth": 8,
        "namePlacement": "auto",
        "orientation": "vertical",
        "reduceOptions": {
          "calcs": [
            "lastNotNull"
          ],
          "fields": "",
          "values": false
        },
        "showUnfilled": true,
        "sizing": "manual",
        "text": {
          "titleSize": 12,
          "valueSize": 11
        },
        "valueMode": "color"
      },
      "pluginVersion": "12.0.1",
      "targets": [
        {
          "datasource": {
            "type": "prometheus",
            "uid": "${ds_samm_prometheus}"
          },
          "disableTextWrap": false,
          "editorMode": "code",
          "expr": "1-(xen_host_memory_free_kib{uuid=\"$xen_host_uuid\"}/xen_host_memory_total_kib{uuid=\"$xen_host_uuid\"})",
          "fullMetaSearch": false,
          "includeNullMetadata": true,
          "instant": false,
          "legendFormat": "__auto",
          "range": true,
          "refId": "A",
          "useBackend": false
        }
      ],
      "title": "RAM",
      "transparent": true,
      "type": "bargauge"
    },
    {
      "datasource": {
        "type": "prometheus",
        "uid": "${ds_samm_prometheus}"
      },
      "fieldConfig": {
        "defaults": {
          "color": {
            "mode": "palette-classic"
          },
          "custom": {
            "axisBorderShow": false,
            "axisCenteredZero": false,
            "axisColorMode": "text",
            "axisLabel": "",
            "axisPlacement": "auto",
            "barAlignment": 0,
            "barWidthFactor": 0.6,
            "drawStyle": "line",
            "fillOpacity": 0,
            "gradientMode": "none",
            "hideFrom": {
              "legend": false,
              "tooltip": false,
              "viz": false
            },
            "insertNulls": false,
            "lineInterpolation": "linear",
            "lineWidth": 1,
            "pointSize": 5,
            "scaleDistribution": {
              "type": "linear"
            },
            "showPoints": "auto",
            "spanNulls": false,
            "stacking": {
              "group": "A",
              "mode": "none"
            },
            "thresholdsStyle": {
              "mode": "dashed"
            }
          },
          "mappings": [],
          "max": 1,
          "min": 0,
          "thresholds": {
            "mode": "absolute",
            "steps": [
              {
                "color": "#73bf69"
              },
              {
                "color": "#f59e0b",
                "value": 0.8
              },
              {
                "color": "#e02f44",
                "value": 0.9
              }
            ]
          },
          "unit": "percentunit"
        },
        "overrides": []
      },
      "gridPos": {
        "h": 5,
        "w": 4,
        "x": 14,
        "y": 0
      },
      "id": 5,
      "options": {
        "legend": {
          "calcs": [],
          "displayMode": "list",
          "placement": "bottom",
          "showLegend": true
        },
        "tooltip": {
          "hideZeros": false,
          "mode": "single",
          "sort": "none"
        }
      },
      "pluginVersion": "12.0.1",
      "targets": [
        {
          "datasource": {
            "type": "prometheus",
            "uid": "${ds_samm_prometheus}"
          },
          "disableTextWrap": false,
          "editorMode": "builder",
          "expr": "xen_host_cpu_avg{uuid=\"$xen_host_uuid\"}",
          "fullMetaSearch": false,
          "includeNullMetadata": true,
          "instant": false,
          "legendFormat": "{{name_label}}",
          "range": true,
          "refId": "A",
          "useBackend": false
        }
      ],
      "title": "CPU",
      "type": "timeseries"
    },
    {
      "datasource": {
        "type": "prometheus",
        "uid": "${ds_samm_prometheus}"
      },
      "fieldConfig": {
        "defaults": {
          "color": {
            "mode": "palette-classic"
          },
          "custom": {
            "axisBorderShow": false,
            "axisCenteredZero": false,
            "axisColorMode": "text",
            "axisLabel": "",
            "axisPlacement": "auto",
            "barAlignment": 0,
            "barWidthFactor": 0.6,
            "drawStyle": "line",
            "fillOpacity": 0,
            "gradientMode": "none",
            "hideFrom": {
              "legend": false,
              "tooltip": false,
              "viz": false
            },
            "insertNulls": false,
            "lineInterpolation": "linear",
            "lineWidth": 1,
            "pointSize": 5,
            "scaleDistribution": {
              "type": "linear"
            },
            "showPoints": "auto",
            "spanNulls": false,
            "stacking": {
              "group": "A",
              "mode": "none"
            },
            "thresholdsStyle": {
              "mode": "dashed"
            }
          },
          "mappings": [],
          "max": 1,
          "min": 0,
          "thresholds": {
            "mode": "absolute",
            "steps": [
              {
                "color": "#73bf69"
              },
              {
                "color": "#f59e0b",
                "value": 0.8
              },
              {
                "color": "#e02f44",
                "value": 0.9
              }
            ]
          },
          "unit": "percentunit"
        },
        "overrides": []
      },
      "gridPos": {
        "h": 5,
        "w": 4,
        "x": 18,
        "y": 0
      },
      "id": 27,
      "options": {
        "legend": {
          "calcs": [],
          "displayMode": "list",
          "placement": "bottom",
          "showLegend": true
        },
        "tooltip": {
          "hideZeros": false,
          "mode": "single",
          "sort": "none"
        }
      },
      "pluginVersion": "12.0.1",
      "targets": [
        {
          "datasource": {
            "type": "prometheus",
            "uid": "${ds_samm_prometheus}"
          },
          "disableTextWrap": false,
          "editorMode": "code",
          "expr": "1-(xen_host_memory_free_kib{uuid=\"$xen_host_uuid\"}/xen_host_memory_total_kib{uuid=\"$xen_host_uuid\"})",
          "fullMetaSearch": false,
          "includeNullMetadata": true,
          "instant": false,
          "legendFormat": "{{name_label}}",
          "range": true,
          "refId": "A",
          "useBackend": false
        }
      ],
      "title": "RAM",
      "type": "timeseries"
    },
    {
      "datasource": {
        "type": "prometheus",
        "uid": "${ds_samm_prometheus}"
      },
      "fieldConfig": {
        "defaults": {
          "color": {
            "mode": "thresholds"
          },
          "decimals": 0,
          "fieldMinMax": false,
          "mappings": [],
          "thresholds": {
            "mode": "absolute",
            "steps": [
              {
                "color": "#73bf69"
              },
              {
                "color": "#f59e0b",
                "value": 0.5
              },
              {
                "color": "#e02f44",
                "value": 0.8
              }
            ]
          },
          "unit": "percentunit"
        },
        "overrides": []
      },
      "gridPos": {
        "h": 5,
        "w": 2,
        "x": 22,
        "y": 0
      },
      "id": 11,
      "options": {
        "colorMode": "value",
        "graphMode": "area",
        "justifyMode": "auto",
        "orientation": "auto",
        "percentChangeColorMode": "standard",
        "reduceOptions": {
          "calcs": [
            "lastNotNull"
          ],
          "fields": "",
          "values": false
        },
        "showPercentChange": false,
        "textMode": "auto",
        "wideLayout": true
      },
      "pluginVersion": "12.0.1",
      "targets": [
        {
          "datasource": {
            "type": "prometheus",
            "uid": "${ds_samm_prometheus}"
          },
          "disableTextWrap": false,
          "editorMode": "builder",
          "expr": "xen_host_hostload{uuid=\"$xen_host_uuid\"}",
          "fullMetaSearch": false,
          "includeNullMetadata": true,
          "instant": false,
          "legendFormat": "__auto",
          "range": true,
          "refId": "A",
          "useBackend": false
        }
      ],
      "title": "Host Load",
      "type": "stat"
    },
    {
      "datasource": {
        "type": "prometheus",
        "uid": "${ds_samm_prometheus}"
      },
      "description": "",
      "fieldConfig": {
        "defaults": {
          "color": {
            "mode": "thresholds"
          },
          "links": [
            {
              "title": "XS Pool Info",
              "url": "/d/xs-pool-info-prod/xs-pool-info-prod?orgId=1&var-xen_pool_uuid=${__field.labels.uuid}"
            }
          ],
          "mappings": [],
          "thresholds": {
            "mode": "absolute",
            "steps": [
              {
                "color": "#5794f2"
              },
              {
                "color": "#e02f44",
                "value": 80
              }
            ]
          }
        },
        "overrides": []
      },
      "gridPos": {
        "h": 7,
        "w": 3,
        "x": 0,
        "y": 2
      },
      "id": 10,
      "options": {
        "colorMode": "value",
        "graphMode": "none",
        "justifyMode": "center",
        "orientation": "auto",
        "percentChangeColorMode": "standard",
        "reduceOptions": {
          "calcs": [
            "lastNotNull"
          ],
          "fields": "",
          "values": false
        },
        "showPercentChange": false,
        "textMode": "name",
        "wideLayout": true
      },
      "pluginVersion": "12.0.1",
      "targets": [
        {
          "datasource": {
            "type": "prometheus",
            "uid": "${ds_samm_prometheus}"
          },
          "disableTextWrap": false,
          "editorMode": "builder",
          "exemplar": false,
          "expr": "xen_pool_info{instance=\"$xen_host_instance\"}",
          "fullMetaSearch": false,
          "hide": false,
          "includeNullMetadata": true,
          "instant": true,
          "legendFormat": "{{name_label}}",
          "range": false,
          "refId": "A",
          "useBackend": false
        }
      ],
      "title": "",
      "transparent": true,
      "type": "stat"
    },
    {
      "fieldConfig": {
        "defaults": {},
        "overrides": []
      },
      "gridPos": {
        "h": 8,
        "w": 9,
        "x": 3,
        "y": 2
      },
      "id": 25,
      "options": {
        "code": {
          "language": "plaintext",
          "showLineNumbers": false,
          "showMiniMap": false
        },
        "content": "<div style='background: linear-gradient(135deg, #1e1e1e 0%, #2d2d2d 100%); padding: 16px; border-radius: 12px; box-shadow: 0 8px 32px rgba(0,0,0,0.3); border: 1px solid rgba(255,255,255,0.1); backdrop-filter: blur(10px);'>\r\n\t<div style='display: grid; grid-template-columns: 1fr 1fr; grid-template-rows: 1fr 1fr; gap: 12px; height: 100%;'>\r\n\t\t<div style='display: flex; justify-content: space-between; align-items: center; padding: 12px; background: rgba(255,255,255,0.05); border-radius: 8px; border-left: 4px solid #5794f2;'>\r\n\t\t\t<span style='color: #8e8e8e; font-weight: 600; font-size: 13px;'>Address</span>\r\n\t\t\t<span style='color: #ffffff; font-weight: 500; font-size: 13px; font-family: monospace;'>${xen_host_address}</span>\r\n\t\t</div>\r\n\t\t<div style='display: flex; justify-content: space-between; align-items: center; padding: 12px; background: rgba(255,255,255,0.05); border-radius: 8px; border-left: 4px solid #5794f2;'>\r\n\t\t\t<span style='color: #8e8e8e; font-weight: 600; font-size: 13px;'>Pool</span>\r\n\t\t\t<span style='color: #ffffff; font-weight: 500; font-size: 13px;'>${xen_pool_name}</span>\r\n\t\t</div>\r\n\t\t<div style='display: flex; justify-content: space-between; align-items: center; padding: 12px; background: rgba(255,255,255,0.05); border-radius: 8px; border-left: 4px solid #5794f2;'>\r\n\t\t\t<span style='color: #8e8e8e; font-weight: 600; font-size: 13px;'>Model</span>\r\n\t\t\t<span style='color: #ffffff; font-weight: 500; font-size: 13px;'>${xen_host_model}</span>\r\n\t\t</div>\r\n\t\t<div style='display: flex; justify-content: space-between; align-items: center; padding: 12px; background: rgba(255,255,255,0.05); border-radius: 8px; border-left: 4px solid #5794f2;'>\r\n\t\t\t<span style='color: #8e8e8e; font-weight: 600; font-size: 13px;'>Serial Number</span>\r\n\t\t\t<span style='color: #ffffff; font-weight: 500; font-size: 13px; font-family: monospace;'>${xen_host_serial}</span>\r\n\t\t</div>\r\n\t</div>\r\n</div>\r\n",
        "mode": "html"
      },
      "pluginVersion": "12.0.1",
      "title": "",
      "transparent": true,
      "type": "text"
    },
    {
      "datasource": {
        "type": "prometheus",
        "uid": "${ds_samm_prometheus}"
      },
      "fieldConfig": {
        "defaults": {
          "color": {
            "mode": "palette-classic"
          },
          "custom": {
            "axisBorderShow": false,
            "axisCenteredZero": true,
            "axisColorMode": "text",
            "axisLabel": "",
            "axisPlacement": "right",
            "barAlignment": 0,
            "barWidthFactor": 0.6,
            "drawStyle": "line",
            "fillOpacity": 0,
            "gradientMode": "none",
            "hideFrom": {
              "legend": false,
              "tooltip": false,
              "viz": false
            },
            "insertNulls": false,
            "lineInterpolation": "linear",
            "lineWidth": 1,
            "pointSize": 5,
            "scaleDistribution": {
              "type": "linear"
            },
            "showPoints": "auto",
            "spanNulls": false,
            "stacking": {
              "group": "A",
              "mode": "none"
            },
            "thresholdsStyle": {
              "mode": "off"
            }
          },
          "mappings": [],
          "thresholds": {
            "mode": "absolute",
            "steps": [
              {
                "color": "#73bf69"
              },
              {
                "color": "#e02f44",
                "value": 80
              }
            ]
          },
          "unit": "ms"
        },
        "overrides": []
      },
      "gridPos": {
        "h": 14,
        "w": 6,
        "x": 12,
        "y": 5
      },
      "id": 18,
      "options": {
        "legend": {
          "calcs": [],
          "displayMode": "list",
          "placement": "right",
          "showLegend": true
        },
        "tooltip": {
          "hideZeros": false,
          "mode": "single",
          "sort": "none"
        }
      },
      "pluginVersion": "12.0.1",
      "targets": [
        {
          "datasource": {
            "type": "prometheus",
            "uid": "${ds_samm_prometheus}"
          },
          "disableTextWrap": false,
          "editorMode": "code",
          "expr": "xen_host_sr_read_latency{uuid=\"$xen_host_uuid\"} \r\n    * on (  sr_uuid) group_left (sr_name)\r\n    (\r\n        label_replace ( xen_sr_info, \"sr_name\", \"$1\", \"name_label\", \"(.*)\" )\r\n   )",
          "fullMetaSearch": false,
          "includeNullMetadata": true,
          "instant": false,
          "legendFormat": "{{sr_name}}",
          "range": true,
          "refId": "A",
          "useBackend": false
        },
        {
          "datasource": {
            "type": "prometheus",
            "uid": "${ds_samm_prometheus}"
          },
          "disableTextWrap": false,
          "editorMode": "code",
          "expr": "-xen_host_sr_read_latency{uuid=\"$xen_host_uuid\"} \r\n    * on (  sr_uuid) group_left (sr_name)\r\n    (\r\n        label_replace ( xen_sr_info, \"sr_name\", \"$1\", \"name_label\", \"(.*)\" )\r\n   )",
          "fullMetaSearch": false,
          "hide": false,
          "includeNullMetadata": true,
          "instant": false,
          "legendFormat": "{{sr_name}}",
          "range": true,
          "refId": "B",
          "useBackend": false
        }
      ],
      "title": "SR Read / Write Latency",
      "type": "timeseries"
    },
    {
      "datasource": {
        "type": "prometheus",
        "uid": "${ds_samm_prometheus}"
      },
      "fieldConfig": {
        "defaults": {
          "color": {
            "mode": "palette-classic"
          },
          "custom": {
            "axisBorderShow": false,
            "axisCenteredZero": true,
            "axisColorMode": "text",
            "axisLabel": "",
            "axisPlacement": "right",
            "barAlignment": 0,
            "barWidthFactor": 0.6,
            "drawStyle": "line",
            "fillOpacity": 0,
            "gradientMode": "none",
            "hideFrom": {
              "legend": false,
              "tooltip": false,
              "viz": false
            },
            "insertNulls": false,
            "lineInterpolation": "linear",
            "lineWidth": 1,
            "pointSize": 5,
            "scaleDistribution": {
              "type": "linear"
            },
            "showPoints": "auto",
            "spanNulls": false,
            "stacking": {
              "group": "A",
              "mode": "none"
            },
            "thresholdsStyle": {
              "mode": "off"
            }
          },
          "mappings": [],
          "thresholds": {
            "mode": "absolute",
            "steps": [
              {
                "color": "#73bf69"
              },
              {
                "color": "#e02f44",
                "value": 80
              }
            ]
          }
        },
        "overrides": []
      },
      "gridPos": {
        "h": 14,
        "w": 6,
        "x": 18,
        "y": 5
      },
      "id": 13,
      "options": {
        "legend": {
          "calcs": [],
          "displayMode": "list",
          "placement": "right",
          "showLegend": true
        },
        "tooltip": {
          "hideZeros": false,
          "mode": "single",
          "sort": "none"
        }
      },
      "pluginVersion": "12.0.1",
      "targets": [
        {
          "datasource": {
            "type": "prometheus",
            "uid": "${ds_samm_prometheus}"
          },
          "disableTextWrap": false,
          "editorMode": "code",
          "expr": "xen_host_sr_iops_read{uuid=\"$xen_host_uuid\"} \r\n    * on (  sr_uuid) group_left (sr_name)\r\n    (\r\n        label_replace ( xen_sr_info, \"sr_name\", \"$1\", \"name_label\", \"(.*)\" )\r\n   )",
          "fullMetaSearch": false,
          "includeNullMetadata": true,
          "instant": false,
          "legendFormat": "{{sr_name}}",
          "range": true,
          "refId": "A",
          "useBackend": false
        },
        {
          "datasource": {
            "type": "prometheus",
            "uid": "${ds_samm_prometheus}"
          },
          "disableTextWrap": false,
          "editorMode": "code",
          "expr": "-xen_host_sr_iops_write{uuid=\"$xen_host_uuid\"} \r\n    * on (  sr_uuid) group_left (sr_name)\r\n    (\r\n        label_replace ( xen_sr_info, \"sr_name\", \"$1\", \"name_label\", \"(.*)\" )\r\n   )",
          "fullMetaSearch": false,
          "hide": false,
          "includeNullMetadata": true,
          "instant": false,
          "legendFormat": "{{sr_name}}",
          "range": true,
          "refId": "B",
          "useBackend": false
        }
      ],
      "title": "IOPS Read / Write",
      "type": "timeseries"
    },
    {
      "datasource": {
        "type": "prometheus",
        "uid": "${ds_samm_prometheus}"
      },
      "fieldConfig": {
        "defaults": {
          "color": {
            "mode": "palette-classic"
          },
          "custom": {
            "axisBorderShow": false,
            "axisCenteredZero": true,
            "axisColorMode": "text",
            "axisLabel": "",
            "axisPlacement": "right",
            "barAlignment": 0,
            "barWidthFactor": 0.6,
            "drawStyle": "line",
            "fillOpacity": 0,
            "gradientMode": "none",
            "hideFrom": {
              "legend": false,
              "tooltip": false,
              "viz": false
            },
            "insertNulls": false,
            "lineInterpolation": "linear",
            "lineWidth": 1,
            "pointSize": 5,
            "scaleDistribution": {
              "type": "linear"
            },
            "showPoints": "auto",
            "spanNulls": false,
            "stacking": {
              "group": "A",
              "mode": "none"
            },
            "thresholdsStyle": {
              "mode": "off"
            }
          },
          "mappings": [],
          "thresholds": {
            "mode": "absolute",
            "steps": [
              {
                "color": "#73bf69"
              },
              {
                "color": "#e02f44",
                "value": 80
              }
            ]
          },
          "unit": "binBps"
        },
        "overrides": []
      },
      "gridPos": {
        "h": 9,
        "w": 12,
        "x": 0,
        "y": 10
      },
      "id": 6,
      "options": {
        "legend": {
          "calcs": [],
          "displayMode": "list",
          "placement": "right",
          "showLegend": true
        },
        "tooltip": {
          "hideZeros": false,
          "mode": "multi",
          "sort": "none"
        }
      },
      "pluginVersion": "12.0.1",
      "targets": [
        {
          "datasource": {
            "type": "prometheus",
            "uid": "${ds_samm_prometheus}"
          },
          "disableTextWrap": false,
          "editorMode": "code",
          "exemplar": false,
          "expr": "-xen_host_pif_rx{uuid=\"$xen_host_uuid\"}",
          "fullMetaSearch": false,
          "includeNullMetadata": true,
          "instant": false,
          "legendFormat": "rx-{{prodice}}",
          "range": true,
          "refId": "A",
          "useBackend": false
        },
        {
          "datasource": {
            "type": "prometheus",
            "uid": "${ds_samm_prometheus}"
          },
          "editorMode": "code",
          "expr": "xen_host_pif_tx{uuid=\"$xen_host_uuid\"}\r\n",
          "hide": false,
          "instant": false,
          "legendFormat": "tx-{{prodice}}",
          "range": true,
          "refId": "B"
        }
      ],
      "title": "Network Interfaces",
      "type": "timeseries"
    },
    {
      "datasource": {
        "type": "prometheus",
        "uid": "${ds_samm_prometheus}"
      },
      "description": "",
      "fieldConfig": {
        "defaults": {
          "color": {
            "mode": "thresholds"
          },
          "links": [
            {
              "title": "XS VM Info",
              "url": "/d/xs-vm-info-prod/vm-info-prod?orgId=1&refresh=5s&var-vm_uuid=${__field.labels.uuid}"
            }
          ],
          "mappings": [],
          "thresholds": {
            "mode": "absolute",
            "steps": [
              {
                "color": "#5794f2"
              },
              {
                "color": "#e02f44",
                "value": 80
              }
            ]
          }
        },
        "overrides": []
      },
      "gridPos": {
        "h": 5,
        "w": 24,
        "x": 0,
        "y": 19
      },
      "id": 4,
      "options": {
        "colorMode": "background_solid",
        "graphMode": "none",
        "justifyMode": "center",
        "orientation": "auto",
        "percentChangeColorMode": "standard",
        "reduceOptions": {
          "calcs": [
            "lastNotNull"
          ],
          "fields": "",
          "values": false
        },
        "showPercentChange": false,
        "text": {
          "titleSize": 10,
          "valueSize": 10
        },
        "textMode": "name",
        "wideLayout": true
      },
      "pluginVersion": "12.0.1",
      "targets": [
        {
          "datasource": {
            "type": "prometheus",
            "uid": "${ds_samm_prometheus}"
          },
          "disableTextWrap": false,
          "editorMode": "builder",
          "expr": "xen_vm_info{resident_on=\"$xen_host_uuid\", power_state=\"Running\"}",
          "fullMetaSearch": false,
          "includeNullMetadata": true,
          "instant": false,
          "legendFormat": "{{name_label}}",
          "range": true,
          "refId": "A",
          "useBackend": false
        }
      ],
      "title": "VM Running on $xen_host_hostname",
      "type": "stat"
    }
  ],
  "preload": false,
  "refresh": "5s",
  "schemaVersion": 41,
  "tags": [
    "HostInfo",
    "XenServer"
  ],
  "templating": {
    "list": [
      {
        "current": {
          "text": " ",
          "value": " "
        },
        "datasource": {
          "type": "prometheus",
          "uid": "${ds_samm_prometheus}"
        },
        "definition": "label_values(xen_host_info,hostname)",
        "includeAll": false,
        "label": "xen_host_hostname",
        "name": "xen_host_hostname",
        "options": [],
        "query": {
          "qryType": 1,
          "query": "label_values(xen_host_info,hostname)",
          "refId": "PrometheusVariableQueryEditor-VariableQuery"
        },
        "refresh": 1,
        "regex": "",
        "type": "query"
      },
      {
        "current": {
          "text": "samm-prometheus",
          "value": "c3a5e98c-6e94-44b8-b894-ae05241051b7"
        },
        "hide": 2,
        "name": "ds_samm_prometheus",
        "options": [],
        "query": "prometheus",
        "refresh": 1,
        "regex": "/^samm-prometheus/",
        "type": "datasource"
      },
      {
        "current": {
          "text": " ",
          "value": " "
        },
        "datasource": {
          "type": "prometheus",
          "uid": "${ds_samm_prometheus}"
        },
        "definition": "label_values(xen_host_info{name_label=\"$xen_host_hostname\"},uuid)",
        "hide": 2,
        "includeAll": false,
        "label": "XenServer Host",
        "name": "xen_host_uuid",
        "options": [],
        "query": {
          "qryType": 1,
          "query": "label_values(xen_host_info{name_label=\"$xen_host_hostname\"},uuid)",
          "refId": "PrometheusVariableQueryEditor-VariableQuery"
        },
        "refresh": 1,
        "regex": "",
        "sort": 1,
        "type": "query"
      },
      {
        "current": {
          "text": " ",
          "value": " "
        },
        "datasource": {
          "type": "prometheus",
          "uid": "${ds_samm_prometheus}"
        },
        "definition": "label_values(xen_host_info{uuid=\"$xen_host_uuid\"},instance)",
        "hide": 2,
        "includeAll": false,
        "label": "xen_host_instance",
        "name": "xen_host_instance",
        "options": [],
        "query": {
          "qryType": 1,
          "query": "label_values(xen_host_info{uuid=\"$xen_host_uuid\"},instance)",
          "refId": "PrometheusVariableQueryEditor-VariableQuery"
        },
        "refresh": 1,
        "regex": "",
        "type": "query"
      },
      {
        "current": {
          "text": " ",
          "value": " "
        },
        "datasource": {
          "type": "prometheus",
          "uid": "${ds_samm_prometheus}"
        },
        "definition": "label_values(xen_vm_info{instance=\"$xen_host_instance\", power_state=\"Running\"},name_label)",
        "hide": 2,
        "includeAll": false,
        "name": "xen_vm_hostname",
        "options": [],
        "query": {
          "qryType": 1,
          "query": "label_values(xen_vm_info{instance=\"$xen_host_instance\", power_state=\"Running\"},name_label)",
          "refId": "PrometheusVariableQueryEditor-VariableQuery"
        },
        "refresh": 1,
        "regex": "",
        "type": "query"
      },
      {
        "current": {
          "text": " ",
          "value": " "
        },
        "datasource": {
          "type": "prometheus",
          "uid": "${ds_samm_prometheus}"
        },
        "definition": "label_values(xen_host_info{uuid=\"$xen_host_uuid\"},hostname)",
        "hide": 2,
        "includeAll": false,
        "label": "xen_host_hostname",
        "name": "xen_host_hostname",
        "options": [],
        "query": {
          "qryType": 1,
          "query": "label_values(xen_host_info{uuid=\"$xen_host_uuid\"},hostname)",
          "refId": "PrometheusVariableQueryEditor-VariableQuery"
        },
        "refresh": 1,
        "regex": "",
        "type": "query"
      },
      {
        "current": {
          "text": "https://samm.pr.mmmhc.com/grafana",
          "value": "https://samm.pr.mmmhc.com/grafana"
        },
        "datasource": {
          "type": "yesoreyeram-infinity-datasource",
          "uid": "fe37eb96-e778-4098-b04d-bf73e9683d48"
        },
        "definition": "samm-config- (infinity) json",
        "hide": 2,
        "includeAll": false,
        "name": "grafanaurl",
        "options": [],
        "query": {
          "infinityQuery": {
            "columns": [],
            "filters": [],
            "format": "table",
            "parser": "backend",
            "refId": "variable",
            "root_selector": "grafanaurl",
            "source": "url",
            "type": "json",
            "url": "https://s3.amazonaws.com/samm.samana.cloud/${__org.name}/config.json",
            "url_options": {
              "data": "",
              "method": "GET"
            }
          },
          "query": "",
          "queryType": "infinity"
        },
        "refresh": 1,
        "regex": "",
        "type": "query"
      },
      {
        "current": {
          "text": " ",
          "value": " "
        },
        "datasource": {
          "type": "prometheus",
          "uid": "${ds_samm_prometheus}"
        },
        "definition": "label_values(xen_host_info{uuid=\"$xen_host_uuid\"},address)",
        "hide": 2,
        "includeAll": false,
        "name": "xen_host_address",
        "options": [],
        "query": {
          "qryType": 1,
          "query": "label_values(xen_host_info{uuid=\"$xen_host_uuid\"},address)",
          "refId": "PrometheusVariableQueryEditor-VariableQuery"
        },
        "refresh": 1,
        "regex": "",
        "type": "query"
      },
      {
        "current": {
          "text": " ",
          "value": " "
        },
        "datasource": {
          "type": "prometheus",
          "uid": "${ds_samm_prometheus}"
        },
        "definition": "label_values(xen_pool_info{instance=\"$xen_host_instance\"},name_label)",
        "hide": 2,
        "includeAll": false,
        "name": "xen_pool_name",
        "options": [],
        "query": {
          "qryType": 1,
          "query": "label_values(xen_pool_info{instance=\"$xen_host_instance\"},name_label)",
          "refId": "PrometheusVariableQueryEditor-VariableQuery"
        },
        "refresh": 1,
        "regex": "",
        "type": "query"
      },
      {
        "current": {
          "text": " ",
          "value": " "
        },
        "datasource": {
          "type": "prometheus",
          "uid": "${ds_samm_prometheus}"
        },
        "definition": "label_values(xen_host_info{uuid=\"$xen_host_uuid\"},system_manufacturer)",
        "hide": 2,
        "includeAll": false,
        "name": "xen_host_model",
        "options": [],
        "query": {
          "qryType": 1,
          "query": "label_values(xen_host_info{uuid=\"$xen_host_uuid\"},system_manufacturer)",
          "refId": "PrometheusVariableQueryEditor-VariableQuery"
        },
        "refresh": 1,
        "regex": "",
        "type": "query"
      },
      {
        "current": {
          "text": " ",
          "value": " "
        },
        "datasource": {
          "type": "prometheus",
          "uid": "${ds_samm_prometheus}"
        },
        "definition": "label_values(xen_host_info{uuid=\"$xen_host_uuid\"},system_serial_number)",
        "hide": 2,
        "includeAll": false,
        "name": "xen_host_serial",
        "options": [],
        "query": {
          "qryType": 1,
          "query": "label_values(xen_host_info{uuid=\"$xen_host_uuid\"},system_serial_number)",
          "refId": "PrometheusVariableQueryEditor-VariableQuery"
        },
        "refresh": 1,
        "regex": "",
        "type": "query"
      }
    ]
  },
  "time": {
    "from": "now-1h",
    "to": "now"
  },
  "timepicker": {},
  "timezone": "browser",
  "title": "XS Host Info prod",
  "uid": "xs-host-info-prod",
  "version": 3
}