{
  "annotations": {
    "list": [
      {
        "builtIn": 1,
        "datasource": {
          "type": "grafana",
          "uid": "-- Grafana --"
        },
        "enable": true,
        "hide": true,
        "iconColor": "rgba(0, 211, 255, 1)",
        "name": "Annotations & Alerts",
        "type": "dashboard"
      }
    ]
  },
  "editable": true,
  "fiscalYearStartMonth": 0,
  "graphTooltip": 0,
  "id": 7,
  "links": [
    {
      "asDropdown": false,
      "icon": "external link",
      "includeVars": false,
      "keepTime": true,
      "tags": [
        "vdi-overview",
        "vdi-delivery-group"
      ],
      "targetBlank": false,
      "title": "Catalog Overview",
      "tooltip": "",
      "type": "dashboards",
      "url": ""
    },
    {
      "asDropdown": false,
      "icon": "external link",
      "includeVars": false,
      "keepTime": true,
      "tags": [
        "citrix-site"
      ],
      "targetBlank": false,
      "title": "Citrix Site",
      "tooltip": "",
      "type": "dashboards",
      "url": ""
    }
  ],
  "liveNow": false,
  "panels": [
    {
      "datasource": {
        "type": "prometheus",
        "uid": "c3a5e98c-6e94-44b8-b894-ae05241051b7"
      },
      "fieldConfig": {
        "defaults": {
          "color": {
            "mode": "thresholds"
          },
          "mappings": [],
          "noValue": "0",
          "thresholds": {
            "mode": "absolute",
            "steps": [
              {
                "color": "red",
                "value": null
              },
              {
                "color": "#EAB839",
                "value": 2
              },
              {
                "color": "green",
                "value": 5
              }
            ]
          },
          "unitScale": true
        },
        "overrides": [
          {
            "matcher": {
              "id": "byName",
              "options": "Percent InMaintenance"
            },
            "properties": [
              {
                "id": "thresholds",
                "value": {
                  "mode": "absolute",
                  "steps": [
                    {
                      "color": "green",
                      "value": null
                    },
                    {
                      "color": "yellow",
                      "value": 0.05
                    },
                    {
                      "color": "red",
                      "value": 0.1
                    }
                  ]
                }
              },
              {
                "id": "unit",
                "value": "percentunit"
              },
              {
                "id": "decimals",
                "value": 1
              }
            ]
          },
          {
            "matcher": {
              "id": "byName",
              "options": "Percent UnRegistered"
            },
            "properties": [
              {
                "id": "thresholds",
                "value": {
                  "mode": "absolute",
                  "steps": [
                    {
                      "color": "green",
                      "value": null
                    },
                    {
                      "color": "red",
                      "value": 0.000001
                    }
                  ]
                }
              },
              {
                "id": "unit",
                "value": "percentunit"
              },
              {
                "id": "decimals",
                "value": 1
              }
            ]
          }
        ]
      },
      "gridPos": {
        "h": 9,
        "w": 7,
        "x": 0,
        "y": 0
      },
      "id": 99,
      "options": {
        "colorMode": "value",
        "graphMode": "none",
        "justifyMode": "auto",
        "orientation": "auto",
        "reduceOptions": {
          "calcs": [
            "lastNotNull"
          ],
          "fields": "",
          "values": false
        },
        "showPercentChange": false,
        "textMode": "auto",
        "wideLayout": true
      },
      "pluginVersion": "10.3.1",
      "targets": [
        {
          "datasource": {
            "type": "prometheus",
            "uid": "c3a5e98c-6e94-44b8-b894-ae05241051b7"
          },
          "editorMode": "code",
          "exemplar": false,
          "expr": "count(ctx_machine_isinmaintenancemode{desktopgroup_name=\"$desktopgroup_name\", instance=\"$instance\"})",
          "format": "table",
          "hide": false,
          "instant": true,
          "legendFormat": "__auto",
          "range": false,
          "refId": "total"
        },
        {
          "datasource": {
            "type": "prometheus",
            "uid": "c3a5e98c-6e94-44b8-b894-ae05241051b7"
          },
          "editorMode": "code",
          "exemplar": false,
          "expr": "count(ctx_machine_currentsessioncount{desktopgroup_name=\"$desktopgroup_name\"} == 0)",
          "format": "table",
          "hide": false,
          "instant": true,
          "legendFormat": "__auto",
          "range": false,
          "refId": "available"
        },
        {
          "datasource": {
            "type": "prometheus",
            "uid": "c3a5e98c-6e94-44b8-b894-ae05241051b7"
          },
          "editorMode": "code",
          "exemplar": false,
          "expr": "count(ctx_machine_currentsessioncount{desktopgroup_name=\"$desktopgroup_name\"} > 0)",
          "format": "table",
          "hide": false,
          "instant": true,
          "legendFormat": "__auto",
          "range": false,
          "refId": "inuse"
        },
        {
          "datasource": {
            "type": "prometheus",
            "uid": "c3a5e98c-6e94-44b8-b894-ae05241051b7"
          },
          "disableTextWrap": false,
          "editorMode": "code",
          "exemplar": false,
          "expr": "count(ctx_machine_currentregistrationstate{desktopgroup_name=\"$desktopgroup_name\",instance=\"$instance\"} == 1)",
          "format": "table",
          "fullMetaSearch": false,
          "includeNullMetadata": true,
          "instant": true,
          "legendFormat": "__auto",
          "range": false,
          "refId": "registered",
          "useBackend": false
        },
        {
          "datasource": {
            "type": "prometheus",
            "uid": "c3a5e98c-6e94-44b8-b894-ae05241051b7"
          },
          "editorMode": "code",
          "exemplar": false,
          "expr": "count(ctx_machine_currentregistrationstate{desktopgroup_name=\"$desktopgroup_name\",instance=\"$instance\"} != 1)",
          "format": "table",
          "hide": false,
          "instant": true,
          "legendFormat": "__auto",
          "range": false,
          "refId": "unregistered"
        },
        {
          "datasource": {
            "type": "prometheus",
            "uid": "c3a5e98c-6e94-44b8-b894-ae05241051b7"
          },
          "disableTextWrap": false,
          "editorMode": "code",
          "exemplar": false,
          "expr": "count(ctx_machine_isinmaintenancemode{desktopgroup_name=\"$desktopgroup_name\", instance=\"$instance\"} == 1)",
          "format": "table",
          "fullMetaSearch": false,
          "hide": false,
          "includeNullMetadata": true,
          "instant": true,
          "legendFormat": "__auto",
          "range": false,
          "refId": "inmaintenance",
          "useBackend": false
        }
      ],
      "title": "Machines",
      "transformations": [
        {
          "id": "joinByField",
          "options": {
            "byField": "Time",
            "mode": "outer"
          }
        },
        {
          "id": "calculateField",
          "options": {
            "alias": "Percent InMaintenance",
            "binary": {
              "left": "Value #inmaintenance",
              "operator": "/",
              "right": "Value #total"
            },
            "mode": "binary",
            "reduce": {
              "reducer": "sum"
            }
          }
        },
        {
          "id": "calculateField",
          "options": {
            "alias": "Percent UnRegistered",
            "binary": {
              "left": "Value #unregistered",
              "operator": "/",
              "right": "Value #total"
            },
            "mode": "binary",
            "reduce": {
              "reducer": "sum"
            }
          }
        },
        {
          "id": "organize",
          "options": {
            "excludeByName": {
              "Percent InMaintenance": false,
              "Value #inmaintenance": true,
              "Value #unregistered": true
            },
            "includeByName": {},
            "indexByName": {
              "Percent InMaintenance": 8,
              "Percent UnRegistered": 5,
              "Time": 0,
              "Value #available": 2,
              "Value #inmaintenance": 7,
              "Value #inuse": 3,
              "Value #registered": 4,
              "Value #total": 1,
              "Value #unregistered": 6
            },
            "renameByName": {
              "Value #available": "Available",
              "Value #inmaintenance": "InMaintenance",
              "Value #inuse": "InUse",
              "Value #registered": "Registered",
              "Value #total": "Total",
              "Value #unregistered": "UnRegistered"
            }
          }
        }
      ],
      "type": "stat"
    },
    {
      "datasource": {
        "type": "prometheus",
        "uid": "c3a5e98c-6e94-44b8-b894-ae05241051b7"
      },
      "fieldConfig": {
        "defaults": {
          "color": {
            "mode": "palette-classic"
          },
          "custom": {
            "axisBorderShow": false,
            "axisCenteredZero": false,
            "axisColorMode": "text",
            "axisLabel": "",
            "axisPlacement": "auto",
            "barAlignment": 0,
            "drawStyle": "line",
            "fillOpacity": 35,
            "gradientMode": "none",
            "hideFrom": {
              "legend": false,
              "tooltip": false,
              "viz": false
            },
            "insertNulls": false,
            "lineInterpolation": "linear",
            "lineWidth": 1,
            "pointSize": 5,
            "scaleDistribution": {
              "type": "linear"
            },
            "showPoints": "auto",
            "spanNulls": 3600000,
            "stacking": {
              "group": "A",
              "mode": "normal"
            },
            "thresholdsStyle": {
              "mode": "off"
            }
          },
          "mappings": [],
          "min": 0,
          "thresholds": {
            "mode": "absolute",
            "steps": [
              {
                "color": "green",
                "value": null
              },
              {
                "color": "red",
                "value": 80
              }
            ]
          },
          "unitScale": true
        },
        "overrides": [
          {
            "matcher": {
              "id": "byName",
              "options": "Active"
            },
            "properties": [
              {
                "id": "color",
                "value": {
                  "fixedColor": "blue",
                  "mode": "fixed"
                }
              }
            ]
          },
          {
            "matcher": {
              "id": "byName",
              "options": "Disconnected"
            },
            "properties": [
              {
                "id": "color",
                "value": {
                  "fixedColor": "yellow",
                  "mode": "fixed"
                }
              }
            ]
          }
        ]
      },
      "gridPos": {
        "h": 5,
        "w": 16,
        "x": 7,
        "y": 0
      },
      "id": 98,
      "options": {
        "legend": {
          "calcs": [],
          "displayMode": "list",
          "placement": "right",
          "showLegend": false
        },
        "tooltip": {
          "mode": "single",
          "sort": "none"
        }
      },
      "targets": [
        {
          "datasource": {
            "type": "prometheus",
            "uid": "c3a5e98c-6e94-44b8-b894-ae05241051b7"
          },
          "editorMode": "code",
          "expr": "count(ctx_machine_currentsessioncount{desktopgroup_name=\"$desktopgroup_name\"} == 0)",
          "hide": false,
          "instant": false,
          "legendFormat": "__auto",
          "range": true,
          "refId": "A"
        }
      ],
      "title": "Available Machines",
      "type": "timeseries"
    },
    {
      "datasource": {
        "type": "prometheus",
        "uid": "c3a5e98c-6e94-44b8-b894-ae05241051b7"
      },
      "fieldConfig": {
        "defaults": {
          "color": {
            "mode": "palette-classic"
          },
          "custom": {
            "axisBorderShow": false,
            "axisCenteredZero": false,
            "axisColorMode": "text",
            "axisLabel": "",
            "axisPlacement": "auto",
            "barAlignment": 0,
            "drawStyle": "line",
            "fillOpacity": 35,
            "gradientMode": "none",
            "hideFrom": {
              "legend": false,
              "tooltip": false,
              "viz": false
            },
            "insertNulls": false,
            "lineInterpolation": "linear",
            "lineWidth": 1,
            "pointSize": 5,
            "scaleDistribution": {
              "type": "linear"
            },
            "showPoints": "auto",
            "spanNulls": true,
            "stacking": {
              "group": "A",
              "mode": "normal"
            },
            "thresholdsStyle": {
              "mode": "off"
            }
          },
          "mappings": [],
          "min": 0,
          "thresholds": {
            "mode": "absolute",
            "steps": [
              {
                "color": "green",
                "value": null
              },
              {
                "color": "red",
                "value": 80
              }
            ]
          },
          "unitScale": true
        },
        "overrides": [
          {
            "matcher": {
              "id": "byName",
              "options": "Active"
            },
            "properties": [
              {
                "id": "color",
                "value": {
                  "fixedColor": "blue",
                  "mode": "fixed"
                }
              }
            ]
          },
          {
            "matcher": {
              "id": "byName",
              "options": "Disconnected"
            },
            "properties": [
              {
                "id": "color",
                "value": {
                  "fixedColor": "yellow",
                  "mode": "fixed"
                }
              }
            ]
          }
        ]
      },
      "gridPos": {
        "h": 4,
        "w": 16,
        "x": 7,
        "y": 5
      },
      "id": 1,
      "options": {
        "legend": {
          "calcs": [],
          "displayMode": "list",
          "placement": "right",
          "showLegend": true
        },
        "tooltip": {
          "mode": "single",
          "sort": "none"
        }
      },
      "targets": [
        {
          "datasource": {
            "type": "prometheus",
            "uid": "c3a5e98c-6e94-44b8-b894-ae05241051b7"
          },
          "editorMode": "builder",
          "expr": "count(ctx_session_connectionstate{machine_dnsname=~\"$machines_in_desktopgroup\"} == 0)",
          "instant": false,
          "legendFormat": "Unknown",
          "range": true,
          "refId": "A"
        },
        {
          "datasource": {
            "type": "prometheus",
            "uid": "c3a5e98c-6e94-44b8-b894-ae05241051b7"
          },
          "editorMode": "builder",
          "expr": "count(ctx_session_connectionstate{machine_dnsname=~\"$machines_in_desktopgroup\"} == 1)",
          "hide": false,
          "instant": false,
          "legendFormat": "Connected",
          "range": true,
          "refId": "B"
        },
        {
          "datasource": {
            "type": "prometheus",
            "uid": "c3a5e98c-6e94-44b8-b894-ae05241051b7"
          },
          "editorMode": "builder",
          "expr": "count(ctx_session_connectionstate{machine_dnsname=~\"$machines_in_desktopgroup\"} == 2)",
          "hide": false,
          "instant": false,
          "legendFormat": "Disconnected",
          "range": true,
          "refId": "C"
        },
        {
          "datasource": {
            "type": "prometheus",
            "uid": "c3a5e98c-6e94-44b8-b894-ae05241051b7"
          },
          "editorMode": "builder",
          "exemplar": false,
          "expr": "count(ctx_session_connectionstate{machine_dnsname=~\"$machines_in_desktopgroup\"} == 5)",
          "hide": false,
          "instant": false,
          "legendFormat": "Active",
          "range": true,
          "refId": "D"
        },
        {
          "datasource": {
            "type": "prometheus",
            "uid": "c3a5e98c-6e94-44b8-b894-ae05241051b7"
          },
          "editorMode": "builder",
          "expr": "count(ctx_session_connectionstate{machine_dnsname=~\"$machines_in_desktopgroup\"} == 4)",
          "hide": false,
          "instant": false,
          "legendFormat": "Preparing Session",
          "range": true,
          "refId": "E"
        },
        {
          "datasource": {
            "type": "prometheus",
            "uid": "c3a5e98c-6e94-44b8-b894-ae05241051b7"
          },
          "editorMode": "builder",
          "expr": "count(ctx_session_connectionstate{machine_dnsname=~\"$machines_in_desktopgroup\"} == 6)",
          "hide": false,
          "instant": false,
          "legendFormat": "Reconnecting",
          "range": true,
          "refId": "F"
        },
        {
          "datasource": {
            "type": "prometheus",
            "uid": "c3a5e98c-6e94-44b8-b894-ae05241051b7"
          },
          "editorMode": "builder",
          "expr": "count(ctx_session_connectionstate{machine_dnsname=~\"$machines_in_desktopgroup\"} == 7)",
          "hide": false,
          "instant": false,
          "legendFormat": "Non Brokered Session",
          "range": true,
          "refId": "G"
        },
        {
          "datasource": {
            "type": "prometheus",
            "uid": "c3a5e98c-6e94-44b8-b894-ae05241051b7"
          },
          "editorMode": "builder",
          "expr": "count(ctx_session_connectionstate{machine_dnsname=~\"$machines_in_desktopgroup\"} == 8)",
          "hide": false,
          "instant": false,
          "legendFormat": "Other",
          "range": true,
          "refId": "H"
        },
        {
          "datasource": {
            "type": "prometheus",
            "uid": "c3a5e98c-6e94-44b8-b894-ae05241051b7"
          },
          "editorMode": "builder",
          "expr": "count(ctx_session_connectionstate{machine_dnsname=~\"$machines_in_desktopgroup\"} == 9)",
          "hide": false,
          "instant": false,
          "legendFormat": "Pending",
          "range": true,
          "refId": "I"
        }
      ],
      "title": "Sessions",
      "type": "timeseries"
    },
    {
      "collapsed": false,
      "gridPos": {
        "h": 1,
        "w": 24,
        "x": 0,
        "y": 9
      },
      "id": 60,
      "panels": [],
      "title": "Total Delivery Group",
      "type": "row"
    },
    {
      "datasource": {
        "type": "prometheus",
        "uid": "c3a5e98c-6e94-44b8-b894-ae05241051b7"
      },
      "fieldConfig": {
        "defaults": {
          "color": {
            "mode": "thresholds"
          },
          "custom": {
            "align": "auto",
            "cellOptions": {
              "type": "auto"
            },
            "inspect": false
          },
          "mappings": [
            {
              "options": {
                "0": {
                  "index": 0,
                  "text": "Unknown"
                },
                "1": {
                  "index": 1,
                  "text": "Connected"
                },
                "2": {
                  "index": 2,
                  "text": "Disconnected"
                },
                "3": {
                  "index": 3,
                  "text": "Terminated"
                },
                "4": {
                  "index": 4,
                  "text": "PreparingSession"
                },
                "5": {
                  "index": 5,
                  "text": "Active"
                },
                "6": {
                  "index": 6,
                  "text": "Reconnecting"
                },
                "7": {
                  "index": 7,
                  "text": "NonBrokeredSession"
                },
                "8": {
                  "index": 8,
                  "text": "Other"
                },
                "9": {
                  "index": 9,
                  "text": "Pending"
                }
              },
              "type": "value"
            }
          ],
          "min": 0,
          "thresholds": {
            "mode": "absolute",
            "steps": [
              {
                "color": "green",
                "value": null
              },
              {
                "color": "red",
                "value": 80
              }
            ]
          },
          "unitScale": true
        },
        "overrides": [
          {
            "matcher": {
              "id": "byRegexp",
              "options": "/.*/"
            },
            "properties": [
              {
                "id": "custom.hidden",
                "value": true
              }
            ]
          },
          {
            "matcher": {
              "id": "byName",
              "options": "machine_dnsname"
            },
            "properties": [
              {
                "id": "custom.hidden"
              },
              {
                "id": "displayName",
                "value": "Machine"
              }
            ]
          },
          {
            "matcher": {
              "id": "byName",
              "options": "user_upn"
            },
            "properties": [
              {
                "id": "custom.hidden"
              },
              {
                "id": "displayName",
                "value": "User UPN"
              },
              {
                "id": "custom.filterable",
                "value": true
              }
            ]
          },
          {
            "matcher": {
              "id": "byName",
              "options": "Value"
            },
            "properties": [
              {
                "id": "custom.hidden"
              },
              {
                "id": "displayName",
                "value": "Session State"
              }
            ]
          }
        ]
      },
      "gridPos": {
        "h": 7,
        "w": 12,
        "x": 0,
        "y": 10
      },
      "id": 97,
      "options": {
        "cellHeight": "sm",
        "footer": {
          "countRows": false,
          "fields": "",
          "reducer": [
            "sum"
          ],
          "show": false
        },
        "showHeader": true,
        "sortBy": [
          {
            "desc": false,
            "displayName": "Machine"
          }
        ]
      },
      "pluginVersion": "10.3.1",
      "targets": [
        {
          "datasource": {
            "type": "prometheus",
            "uid": "c3a5e98c-6e94-44b8-b894-ae05241051b7"
          },
          "disableTextWrap": false,
          "editorMode": "builder",
          "exemplar": false,
          "expr": "ctx_session_connectionstate{machine_dnsname=~\"$machines_in_desktopgroup\"}",
          "format": "table",
          "fullMetaSearch": false,
          "includeNullMetadata": true,
          "instant": true,
          "legendFormat": "__auto",
          "range": false,
          "refId": "A",
          "useBackend": false
        }
      ],
      "title": "Sessions",
      "type": "table"
    },
    {
      "datasource": {
        "type": "prometheus",
        "uid": "c3a5e98c-6e94-44b8-b894-ae05241051b7"
      },
      "fieldConfig": {
        "defaults": {
          "color": {
            "mode": "thresholds"
          },
          "custom": {
            "align": "auto",
            "cellOptions": {
              "type": "auto"
            },
            "filterable": true,
            "inspect": false
          },
          "mappings": [],
          "thresholds": {
            "mode": "absolute",
            "steps": [
              {
                "color": "green",
                "value": null
              },
              {
                "color": "red",
                "value": 80
              }
            ]
          },
          "unitScale": true
        },
        "overrides": [
          {
            "matcher": {
              "id": "byRegexp",
              "options": "/.*/"
            },
            "properties": [
              {
                "id": "custom.hidden",
                "value": true
              }
            ]
          },
          {
            "matcher": {
              "id": "byName",
              "options": "dnsname"
            },
            "properties": [
              {
                "id": "custom.hidden"
              },
              {
                "id": "displayName",
                "value": "Machine"
              }
            ]
          },
          {
            "matcher": {
              "id": "byName",
              "options": "Value #A"
            },
            "properties": [
              {
                "id": "custom.hidden"
              },
              {
                "id": "custom.cellOptions",
                "value": {
                  "type": "color-background"
                }
              },
              {
                "id": "displayName",
                "value": "Registration State"
              },
              {
                "id": "mappings",
                "value": [
                  {
                    "options": {
                      "0": {
                        "color": "red",
                        "index": 2,
                        "text": "Unknown"
                      },
                      "1": {
                        "color": "green",
                        "index": 0,
                        "text": "Registered"
                      },
                      "2": {
                        "color": "red",
                        "index": 1,
                        "text": "Unregistered"
                      }
                    },
                    "type": "value"
                  }
                ]
              }
            ]
          },
          {
            "matcher": {
              "id": "byName",
              "options": "Value #B"
            },
            "properties": [
              {
                "id": "custom.hidden"
              },
              {
                "id": "mappings",
                "value": [
                  {
                    "options": {
                      "0": {
                        "color": "green",
                        "index": 1,
                        "text": "No"
                      },
                      "1": {
                        "color": "red",
                        "index": 0,
                        "text": "Yes"
                      }
                    },
                    "type": "value"
                  }
                ]
              },
              {
                "id": "custom.cellOptions",
                "value": {
                  "type": "color-background"
                }
              },
              {
                "id": "displayName",
                "value": "In Maintenance"
              }
            ]
          },
          {
            "matcher": {
              "id": "byName",
              "options": "Value #C"
            },
            "properties": [
              {
                "id": "mappings",
                "value": [
                  {
                    "options": {
                      "0": {
                        "index": 0,
                        "text": "Unknown"
                      },
                      "1": {
                        "index": 1,
                        "text": "Unavailable"
                      },
                      "2": {
                        "index": 2,
                        "text": "Off"
                      },
                      "3": {
                        "index": 3,
                        "text": "On"
                      },
                      "4": {
                        "index": 4,
                        "text": "Suspended"
                      },
                      "5": {
                        "index": 5,
                        "text": "TurningOn"
                      },
                      "6": {
                        "index": 6,
                        "text": "TurningOff"
                      },
                      "7": {
                        "index": 7,
                        "text": "Suspending"
                      },
                      "8": {
                        "index": 8,
                        "text": "Resuming"
                      },
                      "9": {
                        "index": 9,
                        "text": "Unmanaged"
                      },
                      "10": {
                        "index": 10,
                        "text": "NotSupported"
                      }
                    },
                    "type": "value"
                  }
                ]
              },
              {
                "id": "custom.hidden"
              },
              {
                "id": "displayName",
                "value": "Power State"
              }
            ]
          }
        ]
      },
      "gridPos": {
        "h": 8,
        "w": 11,
        "x": 12,
        "y": 10
      },
      "id": 96,
      "options": {
        "cellHeight": "sm",
        "footer": {
          "countRows": false,
          "enablePagination": true,
          "fields": "",
          "reducer": [
            "sum"
          ],
          "show": false
        },
        "frameIndex": 1,
        "showHeader": true,
        "sortBy": [
          {
            "desc": true,
            "displayName": "__name__"
          }
        ]
      },
      "pluginVersion": "10.3.1",
      "targets": [
        {
          "datasource": {
            "type": "prometheus",
            "uid": "c3a5e98c-6e94-44b8-b894-ae05241051b7"
          },
          "editorMode": "builder",
          "exemplar": false,
          "expr": "ctx_machine_currentregistrationstate{desktopgroup_name=\"$desktopgroup_name\", instance=\"$instance\"}",
          "format": "table",
          "instant": true,
          "legendFormat": "__auto",
          "range": false,
          "refId": "A"
        },
        {
          "datasource": {
            "type": "prometheus",
            "uid": "c3a5e98c-6e94-44b8-b894-ae05241051b7"
          },
          "editorMode": "builder",
          "exemplar": false,
          "expr": "ctx_machine_isinmaintenancemode{desktopgroup_name=\"$desktopgroup_name\", instance=\"$instance\"}",
          "format": "table",
          "hide": false,
          "instant": true,
          "range": false,
          "refId": "B"
        },
        {
          "datasource": {
            "type": "prometheus",
            "uid": "c3a5e98c-6e94-44b8-b894-ae05241051b7"
          },
          "editorMode": "code",
          "exemplar": false,
          "expr": "ctx_machine_currentpowerstate{desktopgroup_name=\"$desktopgroup_name\",instance=\"$instance\"}",
          "format": "table",
          "hide": false,
          "instant": true,
          "legendFormat": "__auto",
          "range": false,
          "refId": "C"
        }
      ],
      "title": "Machines",
      "transformations": [
        {
          "id": "joinByField",
          "options": {
            "byField": "dnsname",
            "mode": "outer"
          }
        }
      ],
      "type": "table"
    }
  ],
  "refresh": "30s",
  "schemaVersion": 39,
  "tags": [
    "vdi-delivery-group"
  ],
  "templating": {
    "list": [
      {
        "current": {
          "selected": false
        },
        "datasource": {
          "type": "prometheus",
          "uid": "c3a5e98c-6e94-44b8-b894-ae05241051b7"
        },
        "definition": "label_values(ctx_machine_isinmaintenancemode,instance)",
        "hide": 0,
        "includeAll": false,
        "multi": false,
        "name": "instance",
        "options": [],
        "query": {
          "query": "label_values(ctx_machine_isinmaintenancemode,instance)",
          "refId": "PrometheusVariableQueryEditor-VariableQuery"
        },
        "refresh": 1,
        "regex": "",
        "skipUrlSync": false,
        "sort": 0,
        "type": "query"
      },
      {
        "current": {
          "selected": false
        },
        "datasource": {
          "type": "prometheus",
          "uid": "c3a5e98c-6e94-44b8-b894-ae05241051b7"
        },
        "definition": "label_values(ctx_machine_isinmaintenancemode{instance=\"$instance\"},desktopgroup_name)",
        "hide": 0,
        "includeAll": false,
        "label": "Delivery Group",
        "multi": false,
        "name": "desktopgroup_name",
        "options": [],
        "query": {
          "query": "label_values(ctx_machine_isinmaintenancemode{instance=\"$instance\"},desktopgroup_name)",
          "refId": "PrometheusVariableQueryEditor-VariableQuery"
        },
        "refresh": 1,
        "regex": "",
        "skipUrlSync": false,
        "sort": 0,
        "type": "query"
      },
      {
        "current": {
          "selected": true,
          "text": [
            "All"
          ],
          "value": [
            "$__all"
          ]
        },
        "datasource": {
          "type": "prometheus",
          "uid": "c3a5e98c-6e94-44b8-b894-ae05241051b7"
        },
        "definition": "label_values(ctx_machine_isinmaintenancemode{desktopgroup_name=\"$desktopgroup_name\"},dnsname)",
        "hide": 2,
        "includeAll": true,
        "multi": true,
        "name": "machines_in_desktopgroup",
        "options": [],
        "query": {
          "query": "label_values(ctx_machine_isinmaintenancemode{desktopgroup_name=\"$desktopgroup_name\"},dnsname)",
          "refId": "PrometheusVariableQueryEditor-VariableQuery"
        },
        "refresh": 1,
        "regex": "",
        "skipUrlSync": false,
        "sort": 0,
        "type": "query"
      }
    ]
  },
  "time": {
    "from": "now-1h",
    "to": "now"
  },
  "timepicker": {},
  "timezone": "",
  "title": "VDI Delivery Group Detail",
  "uid": "ad09a7a4-0c28-4f86-88ee-1d82f4a33f84",
  "version": 10,
  "weekStart": ""
}
