{
  "annotations": {
    "list": [
      {
        "builtIn": 1,
        "datasource": {
          "type": "grafana",
          "uid": "-- Grafana --"
        },
        "enable": true,
        "hide": true,
        "iconColor": "rgba(0, 211, 255, 1)",
        "name": "Annotations & Alerts",
        "type": "dashboard"
      }
    ]
  },
  "editable": true,
  "fiscalYearStartMonth": 0,
  "graphTooltip": 0,
  "id": 8,
  "links": [
    {
      "asDropdown": false,
      "icon": "external link",
      "includeVars": false,
      "keepTime": true,
      "tags": [
        "citrix-site"
      ],
      "targetBlank": false,
      "title": "Citrix Site",
      "tooltip": "",
      "type": "dashboards",
      "url": ""
    }
  ],
  "liveNow": false,
  "panels": [
    {
      "datasource": {
        "type": "prometheus",
        "uid": "c3a5e98c-6e94-44b8-b894-ae05241051b7"
      },
      "fieldConfig": {
        "defaults": {
          "color": {
            "mode": "thresholds"
          },
          "custom": {
            "align": "auto",
            "cellOptions": {
              "type": "auto"
            },
            "inspect": false
          },
          "mappings": [],
          "thresholds": {
            "mode": "absolute",
            "steps": [
              {
                "color": "green",
                "value": null
              },
              {
                "color": "red",
                "value": 80
              }
            ]
          },
          "unitScale": true
        },
        "overrides": [
          {
            "matcher": {
              "id": "byName",
              "options": "desktopgroup_name 1 (lastNotNull)"
            },
            "properties": [
              {
                "id": "displayName",
                "value": "Delivery Group"
              },
              {
                "id": "custom.filterable",
                "value": true
              },
              {
                "id": "links",
                "value": [
                  {
                    "title": "",
                    "url": "/d/ad09a7a4-0c28-4f86-88ee-1d82f4a33f84/vdi-delivery-group-detail?orgId=1&var-instance=${instance}&${__url_time_range}&var-desktopgroup_name=${__data.fields[\"desktopgroup_name 1 (lastNotNull)\"]}"
                  }
                ]
              }
            ]
          },
          {
            "matcher": {
              "id": "byName",
              "options": "Value #maint (lastNotNull) (count)"
            },
            "properties": [
              {
                "id": "displayName",
                "value": "Total"
              }
            ]
          },
          {
            "matcher": {
              "id": "byName",
              "options": "Value #maint (lastNotNull) (sum)"
            },
            "properties": [
              {
                "id": "displayName",
                "value": "InMaintenance"
              }
            ]
          },
          {
            "matcher": {
              "id": "byName",
              "options": "Value #registered (lastNotNull) (count)"
            },
            "properties": [
              {
                "id": "displayName",
                "value": "Registered"
              }
            ]
          },
          {
            "matcher": {
              "id": "byName",
              "options": "Value #unregistered (lastNotNull) (count)"
            },
            "properties": [
              {
                "id": "displayName",
                "value": "Unregistered"
              }
            ]
          },
          {
            "matcher": {
              "id": "byName",
              "options": "Value #sessioncount (lastNotNull) (sum)"
            },
            "properties": [
              {
                "id": "displayName",
                "value": "Sessions"
              }
            ]
          },
          {
            "matcher": {
              "id": "byName",
              "options": "Value #registered (lastNotNull) (count) - Value #sessioncount (lastNotNull) (sum)"
            },
            "properties": [
              {
                "id": "displayName",
                "value": "Available"
              }
            ]
          }
        ]
      },
      "gridPos": {
        "h": 18,
        "w": 24,
        "x": 0,
        "y": 0
      },
      "id": 9,
      "options": {
        "cellHeight": "sm",
        "footer": {
          "countRows": false,
          "fields": "",
          "reducer": [
            "sum"
          ],
          "show": false
        },
        "showHeader": true,
        "sortBy": [
          {
            "desc": true,
            "displayName": "Total"
          }
        ]
      },
      "pluginVersion": "10.3.1",
      "targets": [
        {
          "datasource": {
            "type": "prometheus",
            "uid": "c3a5e98c-6e94-44b8-b894-ae05241051b7"
          },
          "editorMode": "code",
          "exemplar": false,
          "expr": "ctx_machine_isinmaintenancemode{instance=\"$instance\", catalog_sessionsupport=\"1\"}",
          "format": "table",
          "instant": true,
          "legendFormat": "__auto",
          "range": false,
          "refId": "maint"
        },
        {
          "datasource": {
            "type": "prometheus",
            "uid": "c3a5e98c-6e94-44b8-b894-ae05241051b7"
          },
          "editorMode": "code",
          "exemplar": false,
          "expr": "ctx_machine_currentregistrationstate{instance=\"$instance\", catalog_sessionsupport=\"1\"} == 1",
          "format": "table",
          "hide": false,
          "instant": true,
          "legendFormat": "__auto",
          "range": false,
          "refId": "registered"
        },
        {
          "datasource": {
            "type": "prometheus",
            "uid": "c3a5e98c-6e94-44b8-b894-ae05241051b7"
          },
          "editorMode": "code",
          "exemplar": false,
          "expr": "ctx_machine_currentregistrationstate{instance=\"$instance\", catalog_sessionsupport=\"1\"} != 1",
          "format": "table",
          "hide": false,
          "instant": true,
          "legendFormat": "__auto",
          "range": false,
          "refId": "unregistered"
        },
        {
          "datasource": {
            "type": "prometheus",
            "uid": "c3a5e98c-6e94-44b8-b894-ae05241051b7"
          },
          "editorMode": "code",
          "exemplar": false,
          "expr": "ctx_machine_currentsessioncount{instance=\"$instance\", catalog_sessionsupport=\"1\"}",
          "format": "table",
          "hide": false,
          "instant": true,
          "legendFormat": "__auto",
          "range": false,
          "refId": "sessioncount"
        }
      ],
      "title": "Panel Title",
      "transformations": [
        {
          "id": "joinByField",
          "options": {
            "byField": "dnsname",
            "mode": "outerTabular"
          }
        },
        {
          "id": "filterFieldsByName",
          "options": {
            "include": {
              "names": [
                "dnsname",
                "desktopgroup_name 1",
                "Value #maint",
                "Value #registered",
                "Value #unregistered",
                "Value #sessioncount"
              ]
            }
          }
        },
        {
          "id": "groupBy",
          "options": {
            "fields": {
              "Value #maint": {
                "aggregations": [
                  "lastNotNull"
                ],
                "operation": "aggregate"
              },
              "Value #registered": {
                "aggregations": [
                  "lastNotNull"
                ],
                "operation": "aggregate"
              },
              "Value #sessioncount": {
                "aggregations": [
                  "lastNotNull"
                ],
                "operation": "aggregate"
              },
              "Value #unregistered": {
                "aggregations": [
                  "lastNotNull"
                ],
                "operation": "aggregate"
              },
              "desktopgroup_name 1": {
                "aggregations": [
                  "lastNotNull"
                ],
                "operation": "aggregate"
              },
              "deliverygroup_name 2": {
                "aggregations": [],
                "operation": "groupby"
              },
              "dnsname": {
                "aggregations": [],
                "operation": "groupby"
              }
            }
          }
        },
        {
          "id": "groupBy",
          "options": {
            "fields": {
              "Value #maint (lastNotNull)": {
                "aggregations": [
                  "count",
                  "sum"
                ],
                "operation": "aggregate"
              },
              "Value #registered (lastNotNull)": {
                "aggregations": [
                  "count"
                ],
                "operation": "aggregate"
              },
              "Value #sessioncount (lastNotNull)": {
                "aggregations": [
                  "sum"
                ],
                "operation": "aggregate"
              },
              "Value #unregistered (lastNotNull)": {
                "aggregations": [
                  "count"
                ],
                "operation": "aggregate"
              },
              "desktopgroup_name 1 (lastNotNull)": {
                "aggregations": [],
                "operation": "groupby"
              }
            }
          }
        },
        {
          "id": "calculateField",
          "options": {
            "binary": {
              "left": "Value #registered (lastNotNull) (count)",
              "operator": "-",
              "right": "Value #sessioncount (lastNotNull) (sum)"
            },
            "mode": "binary",
            "reduce": {
              "reducer": "sum"
            }
          }
        }
      ],
      "type": "table"
    }
  ],
  "refresh": "",
  "schemaVersion": 39,
  "tags": [
    "vdi-overview",
    "vdi-delivery-group"
  ],
  "templating": {
    "list": [
      {
        "current": {
          "selected": false,
          "text": "3tesla53a",
          "value": "3tesla53a"
        },
        "datasource": {
          "type": "prometheus",
          "uid": "c3a5e98c-6e94-44b8-b894-ae05241051b7"
        },
        "definition": "label_values(ctx_machine_isinmaintenancemode,instance)",
        "hide": 0,
        "includeAll": false,
        "multi": false,
        "name": "instance",
        "options": [],
        "query": {
          "qryType": 1,
          "query": "label_values(ctx_machine_isinmaintenancemode,instance)",
          "refId": "PrometheusVariableQueryEditor-VariableQuery"
        },
        "refresh": 1,
        "regex": "",
        "skipUrlSync": false,
        "sort": 0,
        "type": "query"
      },
      {
        "current": {
          "selected": true,
          "text": [
            "All"
          ],
          "value": [
            "$__all"
          ]
        },
        "datasource": {
          "type": "prometheus",
          "uid": "c3a5e98c-6e94-44b8-b894-ae05241051b7"
        },
        "definition": "label_values(ctx_machine_isinmaintenancemode,deliverygroup_name)",
        "hide": 2,
        "includeAll": true,
        "multi": true,
        "name": "deliverygroup_name",
        "options": [],
        "query": {
          "qryType": 1,
          "query": "label_values(ctx_machine_isinmaintenancemode,deliverygroup_name)",
          "refId": "PrometheusVariableQueryEditor-VariableQuery"
        },
        "refresh": 1,
        "regex": "",
        "skipUrlSync": false,
        "sort": 0,
        "type": "query"
      }
    ]
  },
  "time": {
    "from": "now-1h",
    "to": "now"
  },
  "timepicker": {},
  "timezone": "",
  "title": "VDI Delivery Group Overview",
  "uid": "eca44171-24b3-4858-af9c-786bd6dbe841",
  "version": 12,
  "weekStart": ""
}

