{
  "annotations": {
    "list": [
      {
        "builtIn": 1,
        "datasource": {
          "type": "grafana",
          "uid": "-- Grafana --"
        },
        "enable": true,
        "hide": true,
        "iconColor": "rgba(0, 211, 255, 1)",
        "name": "Annotations & Alerts",
        "type": "dashboard"
      }
    ]
  },
  "editable": true,
  "fiscalYearStartMonth": 0,
  "graphTooltip": 0,
  "id": 69,
  "links": [
    {
      "asDropdown": false,
      "icon": "external link",
      "includeVars": false,
      "keepTime": false,
      "tags": [],
      "targetBlank": true,
      "title": "Netscaler Overview",
      "tooltip": "",
      "type": "link",
      "url": "/d/d328e5a7-7275-47dd-9923-d974226944f5/netscaler-overview?orgId=1"
    },
    {
      "asDropdown": false,
      "icon": "external link",
      "includeVars": false,
      "keepTime": false,
      "tags": [],
      "targetBlank": true,
      "title": "Console",
      "tooltip": "",
      "type": "link",
      "url": "https://${sysipaddress}"
    }
  ],
  "liveNow": false,
  "panels": [
    {
      "datasource": {
        "type": "marcusolsson-static-datasource",
        "uid": "ff5414f9-9e2b-4131-86db-509d53c00582"
      },
      "gridPos": {
        "h": 11,
        "w": 9,
        "x": 0,
        "y": 0
      },
      "id": 3,
      "options": {
        "code": {
          "language": "plaintext",
          "showLineNumbers": false,
          "showMiniMap": false
        },
        "content": "<table>\n<tr><th>Netscaler Name</th><td>${instance}</td></tr>\n<tr><th>Build</th><td>${build}</td></tr>\n<tr><th>Number of PEs</th><td>${numpes}</td></tr>\n<tr><th>Number of SSL cards</th><td>${sslcards}</td></tr>\n<tr><th>System Custom ID</th><td>${syscustomid}</td></tr>\n<tr><th>Hardware SN</th><td>${syshardwareserialnumber}</td></tr>\n<tr><th>High Availability</th><td>${syshighavailabilitymode}</td></tr>\n<tr><th>Model</th><td>${sysmodelid}</td></tr>\n<tr><th>IP Address</th><td>${sysipaddress}</td></tr>\n<tr><th>Network Mask</th><td>${sysnetmask}</td></tr>\n<tr><th>Gateway</th><td>${sysgateway}</td></tr>\n</table>\n",
        "mode": "html"
      },
      "pluginVersion": "10.3.1",
      "title": "Server Info",
      "type": "text"
    },
    {
      "datasource": {
        "type": "prometheus",
        "uid": "c3a5e98c-6e94-44b8-b894-ae05241051b7"
      },
      "fieldConfig": {
        "defaults": {
          "color": {
            "mode": "thresholds"
          },
          "mappings": [],
          "thresholds": {
            "mode": "absolute",
            "steps": [
              {
                "color": "green",
                "value": null
              },
              {
                "color": "red",
                "value": 80
              }
            ]
          },
          "unit": "percent",
          "unitScale": true
        },
        "overrides": []
      },
      "gridPos": {
        "h": 6,
        "w": 4,
        "x": 9,
        "y": 0
      },
      "id": 1,
      "options": {
        "minVizHeight": 75,
        "minVizWidth": 75,
        "orientation": "auto",
        "reduceOptions": {
          "calcs": [
            "lastNotNull"
          ],
          "fields": "",
          "values": false
        },
        "showThresholdLabels": false,
        "showThresholdMarkers": true,
        "sizing": "auto"
      },
      "pluginVersion": "10.3.1",
      "targets": [
        {
          "datasource": {
            "type": "prometheus",
            "uid": "c3a5e98c-6e94-44b8-b894-ae05241051b7"
          },
          "editorMode": "code",
          "exemplar": false,
          "expr": "snmp_ns_stats_rescpuusage{instance=\"$instance\"}",
          "instant": true,
          "legendFormat": "{{__name__}}",
          "range": false,
          "refId": "A"
        }
      ],
      "title": "CPU",
      "type": "gauge"
    },
    {
      "datasource": {
        "type": "prometheus",
        "uid": "c3a5e98c-6e94-44b8-b894-ae05241051b7"
      },
      "description": "",
      "fieldConfig": {
        "defaults": {
          "color": {
            "mode": "thresholds"
          },
          "mappings": [],
          "thresholds": {
            "mode": "absolute",
            "steps": [
              {
                "color": "green",
                "value": null
              },
              {
                "color": "red",
                "value": 80
              }
            ]
          },
          "unit": "percent",
          "unitScale": true
        },
        "overrides": []
      },
      "gridPos": {
        "h": 6,
        "w": 4,
        "x": 13,
        "y": 0
      },
      "id": 2,
      "options": {
        "minVizHeight": 75,
        "minVizWidth": 75,
        "orientation": "auto",
        "reduceOptions": {
          "calcs": [
            "lastNotNull"
          ],
          "fields": "",
          "values": false
        },
        "showThresholdLabels": false,
        "showThresholdMarkers": true,
        "sizing": "auto"
      },
      "pluginVersion": "10.3.1",
      "targets": [
        {
          "datasource": {
            "type": "prometheus",
            "uid": "c3a5e98c-6e94-44b8-b894-ae05241051b7"
          },
          "editorMode": "code",
          "exemplar": false,
          "expr": "snmp_ns_stats_resmemusage{instance=\"$instance\"}",
          "instant": true,
          "legendFormat": "{{__name__}}",
          "range": false,
          "refId": "A"
        }
      ],
      "title": "RAM",
      "type": "gauge"
    },
    {
      "datasource": {
        "type": "prometheus",
        "uid": "c3a5e98c-6e94-44b8-b894-ae05241051b7"
      },
      "description": "",
      "fieldConfig": {
        "defaults": {
          "color": {
            "mode": "thresholds"
          },
          "mappings": [],
          "thresholds": {
            "mode": "absolute",
            "steps": [
              {
                "color": "green",
                "value": null
              },
              {
                "color": "red",
                "value": 80
              }
            ]
          },
          "unit": "percent",
          "unitScale": true
        },
        "overrides": []
      },
      "gridPos": {
        "h": 6,
        "w": 4,
        "x": 17,
        "y": 0
      },
      "id": 8,
      "options": {
        "minVizHeight": 75,
        "minVizWidth": 75,
        "orientation": "auto",
        "reduceOptions": {
          "calcs": [
            "lastNotNull"
          ],
          "fields": "",
          "values": false
        },
        "showThresholdLabels": false,
        "showThresholdMarkers": true,
        "sizing": "auto"
      },
      "pluginVersion": "10.3.1",
      "targets": [
        {
          "datasource": {
            "type": "prometheus",
            "uid": "c3a5e98c-6e94-44b8-b894-ae05241051b7"
          },
          "editorMode": "code",
          "exemplar": false,
          "expr": "max(snmp_ns_disk_syshealthdiskperusage{instance=\"$instance\"})",
          "instant": true,
          "legendFormat": "{{__name__}}",
          "range": false,
          "refId": "A"
        }
      ],
      "title": "Disk Used",
      "type": "gauge"
    },
    {
      "datasource": {
        "type": "prometheus",
        "uid": "c3a5e98c-6e94-44b8-b894-ae05241051b7"
      },
      "description": "",
      "fieldConfig": {
        "defaults": {
          "color": {
            "mode": "thresholds"
          },
          "mappings": [],
          "thresholds": {
            "mode": "absolute",
            "steps": [
              {
                "color": "green",
                "value": null
              },
              {
                "color": "red",
                "value": 1
              }
            ]
          },
          "unitScale": true
        },
        "overrides": []
      },
      "gridPos": {
        "h": 5,
        "w": 3,
        "x": 9,
        "y": 6
      },
      "id": 4,
      "options": {
        "colorMode": "value",
        "graphMode": "none",
        "justifyMode": "auto",
        "orientation": "auto",
        "reduceOptions": {
          "calcs": [
            "lastNotNull"
          ],
          "fields": "",
          "values": false
        },
        "showPercentChange": false,
        "textMode": "auto",
        "wideLayout": true
      },
      "pluginVersion": "10.3.1",
      "targets": [
        {
          "datasource": {
            "type": "prometheus",
            "uid": "c3a5e98c-6e94-44b8-b894-ae05241051b7"
          },
          "editorMode": "code",
          "expr": "round(delta(snmp_ns_stats_systotconfigchanges{instance=\"$instance\"}[1d]), 1)",
          "instant": false,
          "legendFormat": "Changes",
          "range": true,
          "refId": "A"
        },
        {
          "datasource": {
            "type": "prometheus",
            "uid": "c3a5e98c-6e94-44b8-b894-ae05241051b7"
          },
          "editorMode": "code",
          "expr": "round(delta(snmp_ns_stats_systotsaveconfigs{instance=\"$instance\"}[1d]), 1)",
          "hide": false,
          "instant": false,
          "legendFormat": "Saves",
          "range": true,
          "refId": "B"
        }
      ],
      "title": "Config Today",
      "type": "stat"
    },
    {
      "datasource": {
        "type": "prometheus",
        "uid": "c3a5e98c-6e94-44b8-b894-ae05241051b7"
      },
      "description": "",
      "fieldConfig": {
        "defaults": {
          "color": {
            "mode": "thresholds"
          },
          "mappings": [],
          "thresholds": {
            "mode": "absolute",
            "steps": [
              {
                "color": "green",
                "value": null
              },
              {
                "color": "red",
                "value": 1
              }
            ]
          },
          "unitScale": true
        },
        "overrides": [
          {
            "matcher": {
              "id": "byFrameRefID",
              "options": "B"
            },
            "properties": [
              {
                "id": "unit",
                "value": "s"
              },
              {
                "id": "thresholds",
                "value": {
                  "mode": "absolute",
                  "steps": [
                    {
                      "color": "red",
                      "value": null
                    },
                    {
                      "color": "#EAB839",
                      "value": 14400
                    },
                    {
                      "color": "green",
                      "value": 86400
                    }
                  ]
                }
              }
            ]
          }
        ]
      },
      "gridPos": {
        "h": 5,
        "w": 4,
        "x": 12,
        "y": 6
      },
      "id": 6,
      "options": {
        "colorMode": "value",
        "graphMode": "none",
        "justifyMode": "auto",
        "orientation": "auto",
        "reduceOptions": {
          "calcs": [
            "lastNotNull"
          ],
          "fields": "",
          "values": false
        },
        "showPercentChange": false,
        "textMode": "auto",
        "wideLayout": true
      },
      "pluginVersion": "10.3.1",
      "targets": [
        {
          "datasource": {
            "type": "prometheus",
            "uid": "c3a5e98c-6e94-44b8-b894-ae05241051b7"
          },
          "editorMode": "code",
          "expr": "round(delta(snmp_ns_stats_haerrsyncfailure{instance=\"$instance\"}[1d]), 1)",
          "instant": false,
          "legendFormat": "SyncFail Today",
          "range": true,
          "refId": "A"
        },
        {
          "datasource": {
            "type": "prometheus",
            "uid": "c3a5e98c-6e94-44b8-b894-ae05241051b7"
          },
          "editorMode": "code",
          "exemplar": false,
          "expr": "snmp_ns_stats_hatimeoflaststatetransition{instance=\"$instance\"}/100",
          "hide": false,
          "instant": true,
          "legendFormat": "Last HA Change",
          "range": false,
          "refId": "B"
        }
      ],
      "title": "High Availability",
      "type": "stat"
    },
    {
      "datasource": {
        "type": "prometheus",
        "uid": "c3a5e98c-6e94-44b8-b894-ae05241051b7"
      },
      "fieldConfig": {
        "defaults": {
          "color": {
            "mode": "thresholds"
          },
          "mappings": [],
          "max": 10,
          "min": 0,
          "thresholds": {
            "mode": "absolute",
            "steps": [
              {
                "color": "red",
                "value": null
              },
              {
                "color": "green",
                "value": 1
              }
            ]
          },
          "unitScale": true
        },
        "overrides": [
          {
            "matcher": {
              "id": "byFrameRefID",
              "options": "DOWN"
            },
            "properties": [
              {
                "id": "thresholds",
                "value": {
                  "mode": "absolute",
                  "steps": [
                    {
                      "color": "green",
                      "value": null
                    },
                    {
                      "color": "red",
                      "value": 1
                    }
                  ]
                }
              },
              {
                "id": "displayName",
                "value": "Down"
              }
            ]
          },
          {
            "matcher": {
              "id": "byName",
              "options": "Value #UP"
            },
            "properties": [
              {
                "id": "displayName",
                "value": "Up"
              }
            ]
          }
        ]
      },
      "gridPos": {
        "h": 5,
        "w": 5,
        "x": 16,
        "y": 6
      },
      "id": 11,
      "options": {
        "colorMode": "value",
        "graphMode": "area",
        "justifyMode": "auto",
        "orientation": "horizontal",
        "reduceOptions": {
          "calcs": [
            "lastNotNull"
          ],
          "fields": "",
          "values": false
        },
        "showPercentChange": false,
        "textMode": "auto",
        "wideLayout": true
      },
      "pluginVersion": "10.3.1",
      "targets": [
        {
          "datasource": {
            "type": "prometheus",
            "uid": "c3a5e98c-6e94-44b8-b894-ae05241051b7"
          },
          "editorMode": "code",
          "exemplar": false,
          "expr": "sum by (vsvrstate) (clamp(snmp_ns_vserverstats_vsvrhealth{instance=\"$instance\",vsvrstate=\"up\"}, 1, 1) or clamp_max(absent(nonexistent{vsvrstate=\"up\"}), 0))",
          "format": "table",
          "instant": true,
          "legendFormat": "__auto",
          "range": false,
          "refId": "UP"
        },
        {
          "datasource": {
            "type": "prometheus",
            "uid": "c3a5e98c-6e94-44b8-b894-ae05241051b7"
          },
          "editorMode": "code",
          "exemplar": false,
          "expr": "sum by (vsvrstate) (clamp(snmp_ns_vserverstats_vsvrhealth{instance=\"$instance\",vsvrstate=\"down\"}, 1, 1) or clamp_max(absent(nonexistent{vsvrstate=\"down\"}), 0))",
          "format": "table",
          "hide": false,
          "instant": true,
          "legendFormat": "__auto",
          "range": false,
          "refId": "DOWN"
        }
      ],
      "title": "VServer State number",
      "transformations": [],
      "type": "stat"
    },
    {
      "datasource": {
        "type": "prometheus",
        "uid": "c3a5e98c-6e94-44b8-b894-ae05241051b7"
      },
      "fieldConfig": {
        "defaults": {
          "color": {
            "mode": "palette-classic"
          },
          "custom": {
            "axisBorderShow": false,
            "axisCenteredZero": true,
            "axisColorMode": "text",
            "axisLabel": "",
            "axisPlacement": "auto",
            "barAlignment": 0,
            "drawStyle": "line",
            "fillOpacity": 0,
            "gradientMode": "none",
            "hideFrom": {
              "legend": false,
              "tooltip": false,
              "viz": false
            },
            "insertNulls": false,
            "lineInterpolation": "linear",
            "lineWidth": 1,
            "pointSize": 5,
            "scaleDistribution": {
              "type": "linear"
            },
            "showPoints": "auto",
            "spanNulls": false,
            "stacking": {
              "group": "A",
              "mode": "none"
            },
            "thresholdsStyle": {
              "mode": "off"
            }
          },
          "mappings": [],
          "thresholds": {
            "mode": "absolute",
            "steps": [
              {
                "color": "green",
                "value": null
              },
              {
                "color": "red",
                "value": 80
              }
            ]
          },
          "unit": "Bps",
          "unitScale": true
        },
        "overrides": []
      },
      "gridPos": {
        "h": 8,
        "w": 11,
        "x": 0,
        "y": 11
      },
      "id": 9,
      "options": {
        "legend": {
          "calcs": [],
          "displayMode": "list",
          "placement": "bottom",
          "showLegend": true
        },
        "tooltip": {
          "mode": "single",
          "sort": "none"
        }
      },
      "targets": [
        {
          "datasource": {
            "type": "prometheus",
            "uid": "c3a5e98c-6e94-44b8-b894-ae05241051b7"
          },
          "editorMode": "code",
          "expr": "rate(snmp_ns_ifstats_iftottxbytes{instance=\"$instance\",ifname=~\"$interfaces\"}[$__rate_interval])",
          "instant": false,
          "interval": "90s",
          "legendFormat": "{{ifname}}-tx",
          "range": true,
          "refId": "TX"
        },
        {
          "datasource": {
            "type": "prometheus",
            "uid": "c3a5e98c-6e94-44b8-b894-ae05241051b7"
          },
          "editorMode": "code",
          "expr": "- rate(snmp_ns_ifstats_iftotrxbytes{instance=\"$instance\",ifname=~\"$interfaces\"}[$__rate_interval])",
          "hide": false,
          "instant": false,
          "interval": "90s",
          "legendFormat": "{{ifname}}-rx",
          "range": true,
          "refId": "RX"
        }
      ],
      "title": "Interface Bytes/sec",
      "type": "timeseries"
    },
    {
      "datasource": {
        "type": "prometheus",
        "uid": "c3a5e98c-6e94-44b8-b894-ae05241051b7"
      },
      "fieldConfig": {
        "defaults": {
          "color": {
            "mode": "palette-classic"
          },
          "custom": {
            "axisBorderShow": false,
            "axisCenteredZero": true,
            "axisColorMode": "text",
            "axisLabel": "",
            "axisPlacement": "auto",
            "barAlignment": 0,
            "drawStyle": "line",
            "fillOpacity": 0,
            "gradientMode": "none",
            "hideFrom": {
              "legend": false,
              "tooltip": false,
              "viz": false
            },
            "insertNulls": false,
            "lineInterpolation": "linear",
            "lineWidth": 1,
            "pointSize": 5,
            "scaleDistribution": {
              "type": "linear"
            },
            "showPoints": "auto",
            "spanNulls": false,
            "stacking": {
              "group": "A",
              "mode": "none"
            },
            "thresholdsStyle": {
              "mode": "off"
            }
          },
          "mappings": [],
          "thresholds": {
            "mode": "absolute",
            "steps": [
              {
                "color": "green",
                "value": null
              },
              {
                "color": "red",
                "value": 80
              }
            ]
          },
          "unit": "pps",
          "unitScale": true
        },
        "overrides": []
      },
      "gridPos": {
        "h": 8,
        "w": 11,
        "x": 11,
        "y": 11
      },
      "id": 10,
      "options": {
        "legend": {
          "calcs": [],
          "displayMode": "list",
          "placement": "bottom",
          "showLegend": true
        },
        "tooltip": {
          "mode": "single",
          "sort": "none"
        }
      },
      "targets": [
        {
          "datasource": {
            "type": "prometheus",
            "uid": "c3a5e98c-6e94-44b8-b894-ae05241051b7"
          },
          "editorMode": "code",
          "expr": "rate(snmp_ns_ifstats_iftottxpkts{instance=\"$instance\",ifname=~\"$interfaces\"}[$__rate_interval])",
          "instant": false,
          "interval": "90s",
          "legendFormat": "{{ifname}}-tx",
          "range": true,
          "refId": "TX"
        },
        {
          "datasource": {
            "type": "prometheus",
            "uid": "c3a5e98c-6e94-44b8-b894-ae05241051b7"
          },
          "editorMode": "code",
          "expr": "- rate(snmp_ns_ifstats_iftotrxpkts{instance=\"$instance\",ifname=~\"$interfaces\"}[$__rate_interval])",
          "hide": false,
          "instant": false,
          "interval": "90s",
          "legendFormat": "{{ifname}}-rx",
          "range": true,
          "refId": "RX"
        }
      ],
      "title": "Interface Packets/sec",
      "type": "timeseries"
    },
    {
      "datasource": {
        "type": "prometheus",
        "uid": "c3a5e98c-6e94-44b8-b894-ae05241051b7"
      },
      "fieldConfig": {
        "defaults": {
          "color": {
            "mode": "thresholds"
          },
          "custom": {
            "align": "auto",
            "cellOptions": {
              "type": "auto"
            },
            "inspect": false
          },
          "mappings": [],
          "thresholds": {
            "mode": "absolute",
            "steps": [
              {
                "color": "green",
                "value": null
              },
              {
                "color": "red",
                "value": 80
              }
            ]
          },
          "unitScale": true
        },
        "overrides": [
          {
            "matcher": {
              "id": "byName",
              "options": "SVC UP"
            },
            "properties": [
              {
                "id": "custom.width",
                "value": 100
              }
            ]
          },
          {
            "matcher": {
              "id": "byName",
              "options": "SVC DOWN"
            },
            "properties": [
              {
                "id": "custom.width",
                "value": 100
              }
            ]
          },
          {
            "matcher": {
              "id": "byName",
              "options": "SVC UNKNOWN"
            },
            "properties": [
              {
                "id": "custom.width",
                "value": 120
              }
            ]
          },
          {
            "matcher": {
              "id": "byName",
              "options": "SVC OOS"
            },
            "properties": [
              {
                "id": "custom.width",
                "value": 100
              }
            ]
          },
          {
            "matcher": {
              "id": "byName",
              "options": "Health"
            },
            "properties": [
              {
                "id": "custom.width",
                "value": 100
              }
            ]
          },
          {
            "matcher": {
              "id": "byName",
              "options": "Type"
            },
            "properties": [
              {
                "id": "custom.width",
                "value": 100
              }
            ]
          },
          {
            "matcher": {
              "id": "byName",
              "options": "Req/s"
            },
            "properties": [
              {
                "id": "custom.width",
                "value": 100
              }
            ]
          },
          {
            "matcher": {
              "id": "byName",
              "options": "Value #TOTRES"
            },
            "properties": [
              {
                "id": "custom.width",
                "value": 100
              }
            ]
          }
        ]
      },
      "gridPos": {
        "h": 7,
        "w": 22,
        "x": 0,
        "y": 19
      },
      "id": 12,
      "options": {
        "cellHeight": "sm",
        "footer": {
          "countRows": false,
          "fields": "",
          "reducer": [
            "sum"
          ],
          "show": false
        },
        "frameIndex": 4,
        "showHeader": true,
        "sortBy": [
          {
            "desc": true,
            "displayName": "Req/s"
          }
        ]
      },
      "pluginVersion": "10.3.1",
      "targets": [
        {
          "datasource": {
            "type": "prometheus",
            "uid": "c3a5e98c-6e94-44b8-b894-ae05241051b7"
          },
          "editorMode": "code",
          "exemplar": false,
          "expr": "sum by (vsvrname) (snmp_ns_vserverstats_vsvrcurclntconnections{instance=\"$instance\"})",
          "format": "table",
          "hide": false,
          "instant": true,
          "legendFormat": "__auto",
          "range": false,
          "refId": "CLTCONN"
        },
        {
          "datasource": {
            "type": "prometheus",
            "uid": "c3a5e98c-6e94-44b8-b894-ae05241051b7"
          },
          "editorMode": "code",
          "exemplar": false,
          "expr": "sum by (vsvrname) (snmp_ns_vserverstats_vsvrcursrvrconnections{instance=\"$instance\"})",
          "format": "table",
          "hide": false,
          "instant": true,
          "legendFormat": "__auto",
          "range": false,
          "refId": "SRVCONN"
        },
        {
          "datasource": {
            "type": "prometheus",
            "uid": "c3a5e98c-6e94-44b8-b894-ae05241051b7"
          },
          "editorMode": "code",
          "exemplar": false,
          "expr": "sum by (vsvrname) (rate(snmp_ns_vserverstats_vsvrtotalrequests{instance=\"$instance\"}[$__rate_interval]))",
          "format": "table",
          "hide": false,
          "instant": true,
          "interval": "90s",
          "legendFormat": "__auto",
          "range": false,
          "refId": "TOTREQ"
        },
        {
          "datasource": {
            "type": "prometheus",
            "uid": "c3a5e98c-6e94-44b8-b894-ae05241051b7"
          },
          "editorMode": "code",
          "exemplar": false,
          "expr": "sum by (vsvrname) (rate(snmp_ns_vserverstats_vsvrtotalresponses{instance=\"$instance\"}[$__rate_interval]))",
          "format": "table",
          "hide": false,
          "instant": true,
          "interval": "90s",
          "legendFormat": "__auto",
          "range": false,
          "refId": "TOTRES"
        },
        {
          "datasource": {
            "type": "prometheus",
            "uid": "c3a5e98c-6e94-44b8-b894-ae05241051b7"
          },
          "editorMode": "code",
          "exemplar": false,
          "expr": "sum by (vsvrname, vsvrtype, vsvrstate) (snmp_ns_vserverstats_vsvrhealth{instance=\"$instance\"})",
          "format": "table",
          "hide": false,
          "instant": true,
          "legendFormat": "__auto",
          "range": false,
          "refId": "HEALTH"
        }
      ],
      "title": "Virtual Servers",
      "transformations": [
        {
          "id": "joinByField",
          "options": {
            "byField": "vsvrname",
            "mode": "inner"
          }
        },
        {
          "id": "organize",
          "options": {
            "excludeByName": {
              "Time": true,
              "Time 2": true,
              "Time 3": true,
              "Time 4": true,
              "Time 5": true,
              "Time 6": true,
              "Time 7": true
            },
            "includeByName": {},
            "indexByName": {
              "Time": 5,
              "Time 2": 7,
              "Time 3": 9,
              "Time 4": 10,
              "Time 5": 12,
              "Time 6": 14,
              "Time 7": 16,
              "Time 8": 18,
              "Time 9": 20,
              "Value #CLTCONN": 13,
              "Value #HEALTH": 3,
              "Value #SRVCONN": 15,
              "Value #SVCDOWN": 6,
              "Value #SVCOOS": 11,
              "Value #SVCUNKNOWN": 8,
              "Value #SVCUP": 4,
              "Value #TOTREQ": 17,
              "Value #TOTRES": 19,
              "vsvrname": 0,
              "vsvrstate": 2,
              "vsvrtype": 1
            },
            "renameByName": {
              "Time": "",
              "Time 6": "",
              "Value #CLTCONN": "Client Connections",
              "Value #HEALTH": "Health",
              "Value #SRVCONN": "Server Connections",
              "Value #SVCDOWN": "Svc Down",
              "Value #SVCOOS": "Svc Oos",
              "Value #SVCUNKNOWN": "Svc Unk",
              "Value #SVCUP": "Svc Up",
              "Value #TOTREQ": "Req/s",
              "Value #TOTRES": "Res/s",
              "vsvrname": "Name",
              "vsvrstate": "State",
              "vsvrtype": "Type"
            }
          }
        }
      ],
      "type": "table"
    }
  ],
  "refresh": false,
  "schemaVersion": 39,
  "tags": [],
  "templating": {
    "list": [
      {
        "current": {
          "selected": true,
          "text": "3amtrak2b",
          "value": "3amtrak2b"
        },
        "datasource": {
          "type": "prometheus",
          "uid": "c3a5e98c-6e94-44b8-b894-ae05241051b7"
        },
        "definition": "label_values(snmp_ns_info_syscurmappedipcount,instance)",
        "hide": 0,
        "includeAll": false,
        "label": "Instance",
        "multi": false,
        "name": "instance",
        "options": [],
        "query": {
          "qryType": 1,
          "query": "label_values(snmp_ns_info_syscurmappedipcount,instance)",
          "refId": "PrometheusVariableQueryEditor-VariableQuery"
        },
        "refresh": 1,
        "regex": "",
        "skipUrlSync": false,
        "sort": 0,
        "type": "query"
      },
      {
        "current": {
          "selected": false,
          "text": "NetScaler NS13.1: Build 51.15.nc",
          "value": "NetScaler NS13.1: Build 51.15.nc"
        },
        "datasource": {
          "type": "prometheus",
          "uid": "c3a5e98c-6e94-44b8-b894-ae05241051b7"
        },
        "definition": "label_values(snmp_ns_info_syscurmappedipcount{instance=\"$instance\"},sysbuildversion)",
        "hide": 2,
        "includeAll": false,
        "multi": false,
        "name": "build",
        "options": [],
        "query": {
          "qryType": 1,
          "query": "label_values(snmp_ns_info_syscurmappedipcount{instance=\"$instance\"},sysbuildversion)",
          "refId": "PrometheusVariableQueryEditor-VariableQuery"
        },
        "refresh": 1,
        "regex": "/(?<value>.*), Date.*/",
        "skipUrlSync": false,
        "sort": 0,
        "type": "query"
      },
      {
        "current": {
          "selected": false,
          "text": "1",
          "value": "1"
        },
        "datasource": {
          "type": "prometheus",
          "uid": "c3a5e98c-6e94-44b8-b894-ae05241051b7"
        },
        "definition": "label_values(snmp_ns_info_syscurmappedipcount{instance=\"$instance\"},numpes)",
        "hide": 2,
        "includeAll": false,
        "multi": false,
        "name": "numpes",
        "options": [],
        "query": {
          "qryType": 1,
          "query": "label_values(snmp_ns_info_syscurmappedipcount{instance=\"$instance\"},numpes)",
          "refId": "PrometheusVariableQueryEditor-VariableQuery"
        },
        "refresh": 1,
        "regex": "",
        "skipUrlSync": false,
        "sort": 0,
        "type": "query"
      },
      {
        "current": {
          "selected": false,
          "text": "0",
          "value": "0"
        },
        "datasource": {
          "type": "prometheus",
          "uid": "c3a5e98c-6e94-44b8-b894-ae05241051b7"
        },
        "definition": "label_values(snmp_ns_info_syscurmappedipcount{instance=\"$instance\"},sslcards)",
        "hide": 2,
        "includeAll": false,
        "multi": false,
        "name": "sslcards",
        "options": [],
        "query": {
          "qryType": 1,
          "query": "label_values(snmp_ns_info_syscurmappedipcount{instance=\"$instance\"},sslcards)",
          "refId": "PrometheusVariableQueryEditor-VariableQuery"
        },
        "refresh": 1,
        "regex": "",
        "skipUrlSync": false,
        "sort": 0,
        "type": "query"
      },
      {
        "current": {
          "selected": false,
          "text": "Default",
          "value": "Default"
        },
        "datasource": {
          "type": "prometheus",
          "uid": "c3a5e98c-6e94-44b8-b894-ae05241051b7"
        },
        "definition": "label_values(snmp_ns_info_syscurmappedipcount{instance=\"$instance\"},syscustomid)",
        "hide": 2,
        "includeAll": false,
        "multi": false,
        "name": "syscustomid",
        "options": [],
        "query": {
          "qryType": 1,
          "query": "label_values(snmp_ns_info_syscurmappedipcount{instance=\"$instance\"},syscustomid)",
          "refId": "PrometheusVariableQueryEditor-VariableQuery"
        },
        "refresh": 1,
        "regex": "",
        "skipUrlSync": false,
        "sort": 0,
        "type": "query"
      },
      {
        "current": {
          "selected": false,
          "text": "192.168.255.1",
          "value": "192.168.255.1"
        },
        "datasource": {
          "type": "prometheus",
          "uid": "c3a5e98c-6e94-44b8-b894-ae05241051b7"
        },
        "definition": "label_values(snmp_ns_info_syscurmappedipcount{instance=\"$instance\"},sysgateway)",
        "hide": 2,
        "includeAll": false,
        "multi": false,
        "name": "sysgateway",
        "options": [],
        "query": {
          "qryType": 1,
          "query": "label_values(snmp_ns_info_syscurmappedipcount{instance=\"$instance\"},sysgateway)",
          "refId": "PrometheusVariableQueryEditor-VariableQuery"
        },
        "refresh": 1,
        "regex": "",
        "skipUrlSync": false,
        "sort": 0,
        "type": "query"
      },
      {
        "current": {
          "selected": false,
          "text": "HE2H81UJ47",
          "value": "HE2H81UJ47"
        },
        "datasource": {
          "type": "prometheus",
          "uid": "c3a5e98c-6e94-44b8-b894-ae05241051b7"
        },
        "definition": "label_values(snmp_ns_info_syscurmappedipcount{instance=\"$instance\"},syshardwareserialnumber)",
        "hide": 2,
        "includeAll": false,
        "multi": false,
        "name": "syshardwareserialnumber",
        "options": [],
        "query": {
          "qryType": 1,
          "query": "label_values(snmp_ns_info_syscurmappedipcount{instance=\"$instance\"},syshardwareserialnumber)",
          "refId": "PrometheusVariableQueryEditor-VariableQuery"
        },
        "refresh": 1,
        "regex": "",
        "skipUrlSync": false,
        "sort": 0,
        "type": "query"
      },
      {
        "current": {
          "selected": false,
          "text": "Netscaler Remote Licensed Virtual Appliance",
          "value": "Netscaler Remote Licensed Virtual Appliance"
        },
        "datasource": {
          "type": "prometheus",
          "uid": "c3a5e98c-6e94-44b8-b894-ae05241051b7"
        },
        "definition": "label_values(snmp_ns_info_syscurmappedipcount{instance=\"$instance\"},syshardwareversiondesc)",
        "hide": 2,
        "includeAll": false,
        "multi": false,
        "name": "syshardwareversiondesc",
        "options": [],
        "query": {
          "qryType": 1,
          "query": "label_values(snmp_ns_info_syscurmappedipcount{instance=\"$instance\"},syshardwareversiondesc)",
          "refId": "PrometheusVariableQueryEditor-VariableQuery"
        },
        "refresh": 1,
        "regex": "",
        "skipUrlSync": false,
        "sort": 0,
        "type": "query"
      },
      {
        "current": {
          "selected": false,
          "text": "primary",
          "value": "primary"
        },
        "datasource": {
          "type": "prometheus",
          "uid": "c3a5e98c-6e94-44b8-b894-ae05241051b7"
        },
        "definition": "label_values(snmp_ns_info_syscurmappedipcount{instance=\"$instance\"},syshighavailabilitymode)",
        "hide": 2,
        "includeAll": false,
        "multi": false,
        "name": "syshighavailabilitymode",
        "options": [],
        "query": {
          "qryType": 1,
          "query": "label_values(snmp_ns_info_syscurmappedipcount{instance=\"$instance\"},syshighavailabilitymode)",
          "refId": "PrometheusVariableQueryEditor-VariableQuery"
        },
        "refresh": 1,
        "regex": "",
        "skipUrlSync": false,
        "sort": 0,
        "type": "query"
      },
      {
        "current": {
          "selected": false,
          "text": "192.168.255.18",
          "value": "192.168.255.18"
        },
        "datasource": {
          "type": "prometheus",
          "uid": "c3a5e98c-6e94-44b8-b894-ae05241051b7"
        },
        "definition": "label_values(snmp_ns_info_syscurmappedipcount{instance=\"$instance\"},sysipaddress)",
        "hide": 2,
        "includeAll": false,
        "multi": false,
        "name": "sysipaddress",
        "options": [],
        "query": {
          "qryType": 1,
          "query": "label_values(snmp_ns_info_syscurmappedipcount{instance=\"$instance\"},sysipaddress)",
          "refId": "PrometheusVariableQueryEditor-VariableQuery"
        },
        "refresh": 1,
        "regex": "",
        "skipUrlSync": false,
        "sort": 0,
        "type": "query"
      },
      {
        "current": {
          "selected": false,
          "text": "2000",
          "value": "2000"
        },
        "datasource": {
          "type": "prometheus",
          "uid": "c3a5e98c-6e94-44b8-b894-ae05241051b7"
        },
        "definition": "label_values(snmp_ns_info_syscurmappedipcount{instance=\"$instance\"},sysmodelid)",
        "hide": 2,
        "includeAll": false,
        "multi": false,
        "name": "sysmodelid",
        "options": [],
        "query": {
          "qryType": 1,
          "query": "label_values(snmp_ns_info_syscurmappedipcount{instance=\"$instance\"},sysmodelid)",
          "refId": "PrometheusVariableQueryEditor-VariableQuery"
        },
        "refresh": 1,
        "regex": "",
        "skipUrlSync": false,
        "sort": 0,
        "type": "query"
      },
      {
        "current": {
          "selected": false,
          "text": "255.255.255.224",
          "value": "255.255.255.224"
        },
        "datasource": {
          "type": "prometheus",
          "uid": "c3a5e98c-6e94-44b8-b894-ae05241051b7"
        },
        "definition": "label_values(snmp_ns_info_syscurmappedipcount{instance=\"$instance\"},sysnetmask)",
        "hide": 2,
        "includeAll": false,
        "multi": false,
        "name": "sysnetmask",
        "options": [],
        "query": {
          "qryType": 1,
          "query": "label_values(snmp_ns_info_syscurmappedipcount{instance=\"$instance\"},sysnetmask)",
          "refId": "PrometheusVariableQueryEditor-VariableQuery"
        },
        "refresh": 1,
        "regex": "",
        "skipUrlSync": false,
        "sort": 0,
        "type": "query"
      },
      {
        "current": {
          "selected": true,
          "text": [
            "All"
          ],
          "value": [
            "$__all"
          ]
        },
        "datasource": {
          "type": "prometheus",
          "uid": "c3a5e98c-6e94-44b8-b894-ae05241051b7"
        },
        "definition": "label_values(snmp_ns_ifstats_iftotrxbytes,ifname)",
        "hide": 0,
        "includeAll": true,
        "label": "Interfaces",
        "multi": true,
        "name": "interfaces",
        "options": [],
        "query": {
          "qryType": 1,
          "query": "label_values(snmp_ns_ifstats_iftotrxbytes,ifname)",
          "refId": "PrometheusVariableQueryEditor-VariableQuery"
        },
        "refresh": 1,
        "regex": "",
        "skipUrlSync": false,
        "sort": 0,
        "type": "query"
      }
    ]
  },
  "time": {
    "from": "now-1h",
    "to": "now"
  },
  "timepicker": {},
  "timezone": "",
  "title": "NetScaler Status",
  "uid": "01c8fe02-4b27-495b-945e-d133dc478767",
  "version": 14,
  "weekStart": ""
}