{
  "annotations": {
    "list": [
      {
        "builtIn": 1,
        "datasource": {
          "type": "grafana",
          "uid": "-- Grafana --"
        },
        "enable": true,
        "hide": true,
        "iconColor": "rgba(0, 211, 255, 1)",
        "name": "Annotations & Alerts",
        "type": "dashboard"
      }
    ]
  },
  "editable": true,
  "fiscalYearStartMonth": 0,
  "graphTooltip": 0,
  "links": [],
  "panels": [
    {
      "datasource": {
        "default": false,
        "type": "prometheus",
        "uid": "c3a5e98c-6e94-44b8-b894-ae05241051b7"
      },
      "fieldConfig": {
        "defaults": {
          "color": {
            "mode": "thresholds"
          },
          "links": [
            {
              "title": "",
              "url": "${grafanaurl}/d/248a36a7-1e83-4460-9341-ae917e0dcc50/workspaces-overview?orgId=1&var-username=All"
            }
          ],
          "mappings": [],
          "min": 0,
          "thresholds": {
            "mode": "absolute",
            "steps": [
              {
                "color": "blue"
              }
            ]
          }
        },
        "overrides": []
      },
      "gridPos": {
        "h": 6,
        "w": 6,
        "x": 0,
        "y": 0
      },
      "id": 12,
      "options": {
        "colorMode": "value",
        "graphMode": "area",
        "justifyMode": "auto",
        "orientation": "auto",
        "percentChangeColorMode": "standard",
        "reduceOptions": {
          "calcs": [
            "lastNotNull"
          ],
          "fields": "",
          "values": false
        },
        "showPercentChange": false,
        "textMode": "auto",
        "wideLayout": true
      },
      "pluginVersion": "12.0.2",
      "targets": [
        {
          "datasource": {
            "type": "prometheus",
            "uid": "c3a5e98c-6e94-44b8-b894-ae05241051b7"
          },
          "editorMode": "code",
          "exemplar": false,
          "expr": "count(aws_workspaces_connection_status_connectionstate == 1)",
          "format": "time_series",
          "instant": false,
          "legendFormat": "__auto",
          "range": true,
          "refId": "A"
        }
      ],
      "title": "Connected WS Users",
      "type": "stat"
    },
    {
      "datasource": {
        "default": false,
        "type": "prometheus",
        "uid": "c3a5e98c-6e94-44b8-b894-ae05241051b7"
      },
      "fieldConfig": {
        "defaults": {
          "color": {
            "mode": "thresholds"
          },
          "links": [
            {
              "targetBlank": true,
              "title": "",
              "url": "${grafanaurl}/d/0a11f903-0d39-4c4d-848e-c1b96c0c8b60/appstream-overview?&orgId=1"
            }
          ],
          "mappings": [],
          "min": 0,
          "thresholds": {
            "mode": "absolute",
            "steps": [
              {
                "color": "blue"
              }
            ]
          }
        },
        "overrides": []
      },
      "gridPos": {
        "h": 6,
        "w": 5,
        "x": 7,
        "y": 0
      },
      "id": 11,
      "options": {
        "colorMode": "value",
        "graphMode": "area",
        "justifyMode": "auto",
        "orientation": "auto",
        "percentChangeColorMode": "standard",
        "reduceOptions": {
          "calcs": [
            "lastNotNull"
          ],
          "fields": "",
          "values": false
        },
        "showPercentChange": false,
        "textMode": "auto",
        "wideLayout": true
      },
      "pluginVersion": "12.0.2",
      "targets": [
        {
          "datasource": {
            "type": "prometheus",
            "uid": "c3a5e98c-6e94-44b8-b894-ae05241051b7"
          },
          "editorMode": "code",
          "exemplar": false,
          "expr": "count(aws_appstream_sessions_state)",
          "format": "time_series",
          "instant": false,
          "legendFormat": "__auto",
          "range": true,
          "refId": "A"
        }
      ],
      "title": "Connected Appstream Users",
      "type": "stat"
    },
    {
      "datasource": {
        "default": false,
        "type": "prometheus",
        "uid": "c3a5e98c-6e94-44b8-b894-ae05241051b7"
      },
      "fieldConfig": {
        "defaults": {
          "color": {
            "mode": "thresholds"
          },
          "custom": {
            "align": "auto",
            "cellOptions": {
              "type": "auto"
            },
            "inspect": false
          },
          "links": [
            {
              "targetBlank": true,
              "title": "",
              "url": "${grafanaurl}/d/0a11f903-0d39-4c4d-848e-c1b96c0c8b60/appstream-overview?&orgId=1&var-fleetname=${__data.fields.Fleet}"
            }
          ],
          "mappings": [],
          "min": 0,
          "thresholds": {
            "mode": "absolute",
            "steps": [
              {
                "color": "blue"
              }
            ]
          }
        },
        "overrides": [
          {
            "matcher": {
              "id": "byName",
              "options": "State"
            },
            "properties": [
              {
                "id": "mappings",
                "value": [
                  {
                    "options": {
                      "1": {
                        "color": "orange",
                        "index": 0,
                        "text": "Starting"
                      },
                      "2": {
                        "color": "green",
                        "index": 1,
                        "text": "Running"
                      },
                      "3": {
                        "color": "red",
                        "index": 2,
                        "text": "Stopping"
                      },
                      "4": {
                        "color": "red",
                        "index": 3,
                        "text": "Stopped"
                      }
                    },
                    "type": "value"
                  }
                ]
              },
              {
                "id": "custom.cellOptions",
                "value": {
                  "type": "color-text"
                }
              }
            ]
          }
        ]
      },
      "gridPos": {
        "h": 6,
        "w": 10,
        "x": 12,
        "y": 0
      },
      "id": 13,
      "options": {
        "cellHeight": "sm",
        "footer": {
          "countRows": false,
          "fields": "",
          "reducer": [
            "sum"
          ],
          "show": false
        },
        "frameIndex": 1,
        "showHeader": true,
        "sortBy": [
          {
            "desc": true,
            "displayName": "Connected"
          }
        ]
      },
      "pluginVersion": "12.0.2",
      "targets": [
        {
          "datasource": {
            "type": "prometheus",
            "uid": "c3a5e98c-6e94-44b8-b894-ae05241051b7"
          },
          "editorMode": "code",
          "exemplar": false,
          "expr": "count by (fleetname) (aws_appstream_sessions_state)",
          "format": "table",
          "instant": true,
          "legendFormat": "__auto",
          "range": false,
          "refId": "Sessions"
        },
        {
          "datasource": {
            "type": "prometheus",
            "uid": "c3a5e98c-6e94-44b8-b894-ae05241051b7"
          },
          "editorMode": "code",
          "exemplar": false,
          "expr": "sum by (fleetname) (\r\n    label_replace(aws_appstream_fleets_state, \"fleetname\", \"$1\", \"displayname\", \"(.*)\")\r\n)",
          "format": "table",
          "hide": false,
          "instant": true,
          "legendFormat": "__auto",
          "range": false,
          "refId": "State"
        }
      ],
      "title": "Connected Appstream Users",
      "transformations": [
        {
          "id": "joinByField",
          "options": {
            "byField": "fleetname",
            "mode": "inner"
          }
        },
        {
          "id": "organize",
          "options": {
            "excludeByName": {
              "Time": true,
              "Time 1": true,
              "Time 2": true
            },
            "includeByName": {},
            "indexByName": {
              "Time 1": 3,
              "Time 2": 4,
              "Value #Sessions": 2,
              "Value #State": 1,
              "fleetname": 0
            },
            "renameByName": {
              "Value": "Connected",
              "Value #Sessions": "Sessions",
              "Value #State": "State",
              "fleetname": "Fleet"
            }
          }
        }
      ],
      "type": "table"
    },
    {
      "datasource": {
        "default": false,
        "type": "prometheus",
        "uid": "c3a5e98c-6e94-44b8-b894-ae05241051b7"
      },
      "fieldConfig": {
        "defaults": {
          "color": {
            "mode": "thresholds"
          },
          "links": [
            {
              "targetBlank": true,
              "title": "Show Details",
              "url": "${grafanaurl}/d/248a36a7-1e83-4460-9341-ae917e0dcc50/workspaces-overview?orgId=1&var-username=All&${cpu_threshold:queryparam}"
            }
          ],
          "mappings": [],
          "noValue": "No Alerts",
          "thresholds": {
            "mode": "absolute",
            "steps": [
              {
                "color": "green"
              },
              {
                "color": "yellow",
                "value": 1
              }
            ]
          }
        },
        "overrides": []
      },
      "gridPos": {
        "h": 3,
        "w": 2,
        "x": 0,
        "y": 6
      },
      "id": 8,
      "options": {
        "colorMode": "value",
        "graphMode": "area",
        "justifyMode": "auto",
        "orientation": "horizontal",
        "percentChangeColorMode": "standard",
        "reduceOptions": {
          "calcs": [
            "lastNotNull"
          ],
          "fields": "",
          "values": false
        },
        "showPercentChange": false,
        "textMode": "auto",
        "wideLayout": true
      },
      "pluginVersion": "12.0.2",
      "targets": [
        {
          "datasource": {
            "type": "prometheus",
            "uid": "c3a5e98c-6e94-44b8-b894-ae05241051b7"
          },
          "editorMode": "code",
          "exemplar": false,
          "expr": "count (\r\n    rate(cim_perfcpu_percentidletime{name=\"_Total\",role=\"aws_ws\"}[$__rate_interval]) \r\n    / rate(cim_perfcpu_timestamp_sys100ns[$__rate_interval]) \r\n    <  1 - $cpu_threshold / 100\r\n)",
          "format": "time_series",
          "instant": true,
          "interval": "90s",
          "legendFormat": "__auto",
          "range": false,
          "refId": "Windows"
        }
      ],
      "title": "CPU Alerts",
      "type": "stat"
    },
    {
      "datasource": {
        "default": false,
        "type": "prometheus",
        "uid": "c3a5e98c-6e94-44b8-b894-ae05241051b7"
      },
      "fieldConfig": {
        "defaults": {
          "color": {
            "mode": "thresholds"
          },
          "links": [
            {
              "targetBlank": true,
              "title": "",
              "url": "${grafanaurl}/d/248a36a7-1e83-4460-9341-ae917e0dcc50/workspaces-overview?orgId=1&var-username=All&${ram_threshold:queryparam}"
            }
          ],
          "mappings": [],
          "noValue": "No Alerts",
          "thresholds": {
            "mode": "absolute",
            "steps": [
              {
                "color": "green"
              },
              {
                "color": "yellow",
                "value": 1
              },
              {
                "color": "red",
                "value": 5
              }
            ]
          }
        },
        "overrides": []
      },
      "gridPos": {
        "h": 3,
        "w": 2,
        "x": 2,
        "y": 6
      },
      "id": 9,
      "options": {
        "colorMode": "value",
        "graphMode": "area",
        "justifyMode": "auto",
        "orientation": "horizontal",
        "percentChangeColorMode": "standard",
        "reduceOptions": {
          "calcs": [
            "lastNotNull"
          ],
          "fields": "",
          "values": false
        },
        "showPercentChange": false,
        "textMode": "auto",
        "wideLayout": true
      },
      "pluginVersion": "12.0.2",
      "targets": [
        {
          "datasource": {
            "type": "prometheus",
            "uid": "c3a5e98c-6e94-44b8-b894-ae05241051b7"
          },
          "editorMode": "code",
          "exemplar": false,
          "expr": "count (\r\n    cim_os_freephysicalmemory{role=\"aws_ws\"} \r\n    / cim_os_totalvisiblememorysize\r\n    < 1 - $ram_threshold / 100\r\n)",
          "format": "time_series",
          "instant": true,
          "interval": "90s",
          "legendFormat": "__auto",
          "range": false,
          "refId": "Windows"
        }
      ],
      "title": "RAM Alerts",
      "type": "stat"
    },
    {
      "datasource": {
        "default": false,
        "type": "prometheus",
        "uid": "c3a5e98c-6e94-44b8-b894-ae05241051b7"
      },
      "fieldConfig": {
        "defaults": {
          "color": {
            "mode": "thresholds"
          },
          "links": [
            {
              "targetBlank": true,
              "title": "",
              "url": "${grafanaurl}/d/248a36a7-1e83-4460-9341-ae917e0dcc50/workspaces-overview?orgId=1&var-username=All&${disk_threshold:queryparam}"
            }
          ],
          "mappings": [],
          "noValue": "No Alerts",
          "thresholds": {
            "mode": "absolute",
            "steps": [
              {
                "color": "green"
              },
              {
                "color": "#EAB839",
                "value": 1
              },
              {
                "color": "red",
                "value": 5
              }
            ]
          }
        },
        "overrides": []
      },
      "gridPos": {
        "h": 3,
        "w": 2,
        "x": 4,
        "y": 6
      },
      "id": 10,
      "options": {
        "colorMode": "value",
        "graphMode": "area",
        "justifyMode": "auto",
        "orientation": "horizontal",
        "percentChangeColorMode": "standard",
        "reduceOptions": {
          "calcs": [
            "lastNotNull"
          ],
          "fields": "",
          "values": false
        },
        "showPercentChange": false,
        "textMode": "auto",
        "wideLayout": true
      },
      "pluginVersion": "12.0.2",
      "targets": [
        {
          "datasource": {
            "type": "prometheus",
            "uid": "c3a5e98c-6e94-44b8-b894-ae05241051b7"
          },
          "editorMode": "code",
          "exemplar": false,
          "expr": "count (\r\n    max by (instance) (\r\n        cim_disk_freespace{drivetype=\"3\",role=\"aws_ws\"} \r\n        / cim_disk_size\r\n        < 1 - $disk_threshold / 100\r\n    )\r\n)",
          "format": "time_series",
          "instant": true,
          "interval": "90s",
          "legendFormat": "__auto",
          "range": false,
          "refId": "Windows"
        }
      ],
      "title": "Disk Alerts",
      "type": "stat"
    },
    {
      "datasource": {
        "default": false,
        "type": "prometheus",
        "uid": "c3a5e98c-6e94-44b8-b894-ae05241051b7"
      },
      "fieldConfig": {
        "defaults": {
          "color": {
            "mode": "thresholds"
          },
          "displayName": "${__field.labels.fleetname}",
          "links": [
            {
              "targetBlank": true,
              "title": "Show Details",
              "url": "${grafanaurl}/d/0a11f903-0d39-4c4d-848e-c1b96c0c8b60/appstream-overview?&orgId=1&var-fleetname=${__field.labels.fleetname}&${cpu_threshold:queryparam}"
            }
          ],
          "mappings": [],
          "noValue": "No Alerts",
          "thresholds": {
            "mode": "absolute",
            "steps": [
              {
                "color": "green"
              },
              {
                "color": "yellow",
                "value": 1
              },
              {
                "color": "red",
                "value": 5
              }
            ]
          }
        },
        "overrides": []
      },
      "gridPos": {
        "h": 6,
        "w": 5,
        "x": 7,
        "y": 6
      },
      "id": 6,
      "options": {
        "displayMode": "gradient",
        "legend": {
          "calcs": [],
          "displayMode": "list",
          "placement": "bottom",
          "showLegend": false
        },
        "maxVizHeight": 18,
        "minVizHeight": 16,
        "minVizWidth": 8,
        "namePlacement": "auto",
        "orientation": "horizontal",
        "reduceOptions": {
          "calcs": [
            "lastNotNull"
          ],
          "fields": "",
          "values": false
        },
        "showUnfilled": true,
        "sizing": "manual",
        "valueMode": "color"
      },
      "pluginVersion": "12.0.2",
      "targets": [
        {
          "datasource": {
            "type": "prometheus",
            "uid": "c3a5e98c-6e94-44b8-b894-ae05241051b7"
          },
          "editorMode": "code",
          "exemplar": false,
          "expr": "sort_desc(\r\n    count by (fleetname) (\r\n        (\r\n            (\r\n                1 \r\n                - rate(cim_perfcpu_percentidletime{name=\"_Total\"}[$__rate_interval]) \r\n                / rate(cim_perfcpu_timestamp_sys100ns[$__rate_interval])\r\n            ) * 100\r\n            > $cpu_threshold\r\n        )\r\n        + on (fqdn) group_left (fleetname) (\r\n            sum by (fqdn,fleetname) (\r\n                up * 0 \r\n                + on (address) group_left (fleetname) (\r\n                    max by (address,fleetname) (\r\n                    label_replace(\r\n                        aws_appstream_sessions_state * 0, \r\n                        \"address\", \r\n                        \"$1\", \r\n                        \"networkaccessconfiguration_eniprivateipaddress\", \r\n                        \"(.*)\"\r\n                    ))\r\n                )\r\n            )\r\n        )\r\n    )\r\n)",
          "format": "time_series",
          "instant": true,
          "interval": "90s",
          "legendFormat": "__auto",
          "range": false,
          "refId": "A"
        }
      ],
      "title": "Alerted by CPU - Appstream",
      "type": "bargauge"
    },
    {
      "datasource": {
        "default": false,
        "type": "prometheus",
        "uid": "c3a5e98c-6e94-44b8-b894-ae05241051b7"
      },
      "fieldConfig": {
        "defaults": {
          "color": {
            "mode": "thresholds"
          },
          "displayName": "${__field.labels.fleetname}",
          "links": [
            {
              "targetBlank": true,
              "title": "",
              "url": "${grafanaurl}/d/0a11f903-0d39-4c4d-848e-c1b96c0c8b60/appstream-overview?&orgId=1&var-fleetname=${__field.labels.fleetname}&${ram_threshold:queryparam}"
            }
          ],
          "mappings": [],
          "noValue": "No Alerts",
          "thresholds": {
            "mode": "absolute",
            "steps": [
              {
                "color": "green"
              },
              {
                "color": "yellow",
                "value": 1
              },
              {
                "color": "red",
                "value": 5
              }
            ]
          }
        },
        "overrides": []
      },
      "gridPos": {
        "h": 6,
        "w": 5,
        "x": 12,
        "y": 6
      },
      "id": 7,
      "options": {
        "displayMode": "gradient",
        "legend": {
          "calcs": [],
          "displayMode": "list",
          "placement": "bottom",
          "showLegend": false
        },
        "maxVizHeight": 18,
        "minVizHeight": 16,
        "minVizWidth": 8,
        "namePlacement": "auto",
        "orientation": "horizontal",
        "reduceOptions": {
          "calcs": [
            "lastNotNull"
          ],
          "fields": "",
          "values": false
        },
        "showUnfilled": true,
        "sizing": "manual",
        "valueMode": "color"
      },
      "pluginVersion": "12.0.2",
      "targets": [
        {
          "datasource": {
            "type": "prometheus",
            "uid": "c3a5e98c-6e94-44b8-b894-ae05241051b7"
          },
          "editorMode": "code",
          "exemplar": false,
          "expr": "sort_desc(\r\n    count by (fleetname) (\r\n        (\r\n            (\r\n                1\r\n                - cim_os_freephysicalmemory\r\n                / cim_os_totalvisiblememorysize\r\n            ) * 100 \r\n            > $ram_threshold\r\n        )\r\n        + on (fqdn) group_left (fleetname) (\r\n            sum by (fqdn,fleetname) (\r\n                up * 0 \r\n                + on (address) group_left (fleetname) (\r\n                    max by (address,fleetname) (\r\n                    label_replace(\r\n                        aws_appstream_sessions_state * 0, \r\n                        \"address\", \r\n                        \"$1\", \r\n                        \"networkaccessconfiguration_eniprivateipaddress\", \r\n                        \"(.*)\"\r\n                    ))\r\n                )\r\n            )\r\n        )\r\n    )\r\n)",
          "format": "time_series",
          "instant": true,
          "interval": "90s",
          "legendFormat": "__auto",
          "range": false,
          "refId": "A"
        }
      ],
      "title": "Alerted by RAM - VDA",
      "type": "bargauge"
    },
    {
      "datasource": {
        "default": false,
        "type": "prometheus",
        "uid": "c3a5e98c-6e94-44b8-b894-ae05241051b7"
      },
      "fieldConfig": {
        "defaults": {
          "color": {
            "mode": "thresholds"
          },
          "displayName": "${__field.labels.layer}",
          "links": [
            {
              "targetBlank": true,
              "title": "",
              "url": "${grafanaurl}/d/0a11f903-0d39-4c4d-848e-c1b96c0c8b60/appstream-overview?&orgId=1&var-fleetname=${__field.labels.fleetname}&${disk_threshold:queryparam}"
            }
          ],
          "mappings": [],
          "noValue": "No Alerts",
          "thresholds": {
            "mode": "absolute",
            "steps": [
              {
                "color": "green"
              },
              {
                "color": "#EAB839",
                "value": 1
              },
              {
                "color": "red",
                "value": 5
              }
            ]
          }
        },
        "overrides": []
      },
      "gridPos": {
        "h": 6,
        "w": 5,
        "x": 17,
        "y": 6
      },
      "id": 5,
      "options": {
        "displayMode": "gradient",
        "legend": {
          "calcs": [],
          "displayMode": "list",
          "placement": "bottom",
          "showLegend": false
        },
        "maxVizHeight": 18,
        "minVizHeight": 16,
        "minVizWidth": 8,
        "namePlacement": "auto",
        "orientation": "horizontal",
        "reduceOptions": {
          "calcs": [
            "lastNotNull"
          ],
          "fields": "",
          "values": false
        },
        "showUnfilled": true,
        "sizing": "manual",
        "valueMode": "color"
      },
      "pluginVersion": "12.0.2",
      "targets": [
        {
          "datasource": {
            "type": "prometheus",
            "uid": "c3a5e98c-6e94-44b8-b894-ae05241051b7"
          },
          "editorMode": "code",
          "exemplar": false,
          "expr": "sort_desc(\r\n    count by (fleetname) (\r\n        (\r\n            (\r\n                1\r\n                - cim_disk_freespace{drivetype=\"3\"} \r\n                / cim_disk_size\r\n            ) * 100 \r\n            > $disk_threshold\r\n        )\r\n        + on (fqdn) group_left (fleetname) (\r\n            sum by (fqdn,fleetname) (\r\n                up * 0 \r\n                + on (address) group_left (fleetname) (\r\n                    max by (address,fleetname) (\r\n                    label_replace(\r\n                        aws_appstream_sessions_state * 0, \r\n                        \"address\", \r\n                        \"$1\", \r\n                        \"networkaccessconfiguration_eniprivateipaddress\", \r\n                        \"(.*)\"\r\n                    ))\r\n                )\r\n            )\r\n        )\r\n    )\r\n)",
          "format": "time_series",
          "instant": true,
          "interval": "90s",
          "legendFormat": "__auto",
          "range": false,
          "refId": "A"
        }
      ],
      "title": "Alerted by Disk - Appstream",
      "type": "bargauge"
    }
  ],
  "preload": false,
  "refresh": "1m",
  "schemaVersion": 41,
  "tags": [],
  "templating": {
    "list": [
      {
        "current": {
          "text": "80",
          "value": "80"
        },
        "label": "CPU Threshold",
        "name": "cpu_threshold",
        "options": [
          {
            "selected": true,
            "text": "80",
            "value": "80"
          }
        ],
        "query": "80",
        "type": "textbox"
      },
      {
        "current": {
          "text": "80",
          "value": "80"
        },
        "label": "RAM Threshold",
        "name": "ram_threshold",
        "options": [
          {
            "selected": true,
            "text": "80",
            "value": "80"
          }
        ],
        "query": "80",
        "type": "textbox"
      },
      {
        "current": {
          "text": "90",
          "value": "90"
        },
        "label": "Disk Threshold",
        "name": "disk_threshold",
        "options": [
          {
            "selected": true,
            "text": "80",
            "value": "80"
          }
        ],
        "query": "90",
        "type": "textbox"
      },
      {
        "current": {
          "text": "http://awspsamjba3lv.nclmiami.ncl.com/grafana",
          "value": "http://awspsamjba3lv.nclmiami.ncl.com/grafana"
        },
        "datasource": {
          "type": "yesoreyeram-infinity-datasource",
          "uid": "fe37eb96-e778-4098-b04d-bf73e9683d48"
        },
        "definition": "samm-config- (infinity) json",
        "hide": 2,
        "includeAll": false,
        "name": "grafanaurl",
        "options": [],
        "query": {
          "infinityQuery": {
            "columns": [],
            "filters": [],
            "format": "table",
            "parser": "backend",
            "refId": "variable",
            "root_selector": "grafanaurl",
            "source": "url",
            "type": "json",
            "url": "https://s3.amazonaws.com/samm.samana.cloud/${__org.name}/config.json",
            "url_options": {
              "data": "",
              "method": "GET"
            }
          },
          "query": "",
          "queryType": "infinity"
        },
        "refresh": 1,
        "regex": "",
        "type": "query"
      }
    ]
  },
  "time": {
    "from": "now-12h",
    "to": "now"
  },
  "timepicker": {},
  "timezone": "",
  "title": "Alerts",
  "uid": "8ba4c405-2e9e-4548-bfb2-cea43583394e",
  "version": 1
}