[
	{
		"object_type": "check",
		"name": "cim_perfproc_tanium",
		"command": "cim_wql",
		"wql": "select * from Win32_PerfRawData_PerfProc_Process where Name like 'TaniumCX%'",
		"alias": "cim_perfproc_tanium",
		"tag_properties": [ "Name" ],
		"check_interval": 300,
		"stale_timeout": 900,
		"metrics": [
			"IODataBytesPersec",
			"IODataOperationsPersec",
			"IOOtherBytesPersec",
			"IOOtherOperationsPersec",
			"IOReadBytesPersec",
			"IOReadOperationsPersec",
			"IOWriteBytesPersec",
			"IOWriteOperationsPersec",
			"PageFaultsPersec",
			"PageFileBytes",
			"PageFileBytesPeak",
			"PercentPrivilegedTime",
			"PercentProcessorTime",
			"PercentUserTime",
			"PoolNonpagedBytes",
			"PoolPagedBytes",
			"PriorityBase",
			"PrivateBytes",
			"ThreadCount",
			"VirtualBytes",
			"VirtualBytesPeak",
			"WorkingSet",
			"WorkingSetPeak",
			"WorkingSetPrivate",
			"Timestamp_PerfTime"
		]
	},
	{
		"object_type": "instance",
		"name": "template_check_tanium",
		"checks": [
			"cim_perfproc_tanium"
		],
		"stale_timeout": 432000,
		"register": false
	}
]
