{
    "log_level": {
        "samm.service": "INFO"
    },
    "base_dir": "/usr/local/samm/",
    "config_dir": "etc",
    "sock_file": "/tmp/samm.sock",
    "resource_file": "resources.json",
    "object_files": [
    	"manual/vdistd.json"
    ],
    "object_dirs": [
        "base",
        "objects"
    ],
    "webserver": true,
    "webserver_port": 5000,
    "wait_on_error": 60,
    "pending_retry": 30,
    "tags": {
        "job": "samm-vdistd"
    },
    "service_tags": {
        "instance": "samm-vdistd"
    },
    "poll_time": 5,
    "stale_timeout": 600,
    "initial_spread": 0.1,
    "config_version_mismatch_action": "exit",
    "max_attempts_per_loop": 1000
}
