#< CLIXML
<Objs Version="1.1.0.1" xmlns="http://schemas.microsoft.com/powershell/2004/04"><Obj S="Output" RefId="0"><TN RefId="0"><T>Microsoft.Management.Infrastructure.CimInstance#Root/Microsoft/Windows/TaskScheduler/MSFT_ScheduledTask</T><T>Microsoft.Management.Infrastructure.CimInstance#MSFT_ScheduledTask</T><T>Microsoft.Management.Infrastructure.CimInstance</T><T>System.Object</T></TN><ToString>MSFT_ScheduledTask (TaskName = "task123", TaskPath = "\")</ToString><Props><Obj N="Actions" RefId="1"><TN RefId="1"><T>Microsoft.Management.Infrastructure.CimInstance[]</T><T>System.Array</T><T>System.Object</T></TN><LST><Obj RefId="2"><TN RefId="2"><T>Microsoft.Management.Infrastructure.CimInstance#Root/Microsoft/Windows/TaskScheduler/MSFT_TaskExecAction</T><T>Microsoft.Management.Infrastructure.CimInstance#ROOT/Microsoft/Windows/TaskScheduler/MSFT_TaskAction</T><T>Microsoft.Management.Infrastructure.CimInstance#MSFT_TaskExecAction</T><T>Microsoft.Management.Infrastructure.CimInstance#MSFT_TaskAction</T><T>Microsoft.Management.Infrastructure.CimInstance</T><T>System.Object</T></TN><ToString>MSFT_TaskExecAction</ToString><Props><Nil N="Id" /><S N="Arguments">-File c:\samanastore\get-fascertificates.ps1</S><S N="Execute">powershell.exe</S><Nil N="WorkingDirectory" /><Nil N="PSComputerName" /></Props><MS><Obj N="__ClassMetadata" RefId="3"><TN RefId="3"><T>System.Collections.ArrayList</T><T>System.Object</T></TN><LST><Obj RefId="4"><MS><S N="ClassName">MSFT_TaskAction</S><S N="Namespace">ROOT/Microsoft/Windows/TaskScheduler</S><S N="ServerName">3TESLA51A</S><I32 N="Hash">432057128</I32><S N="MiXml">&lt;CLASS NAME="MSFT_TaskAction"&gt;&lt;PROPERTY NAME="Id" TYPE="string"&gt;&lt;/PROPERTY&gt;&lt;/CLASS&gt;</S></MS></Obj><Obj RefId="5"><MS><S N="ClassName">MSFT_TaskExecAction</S><S N="Namespace">Root/Microsoft/Windows/TaskScheduler</S><S N="ServerName">3TESLA51A</S><I32 N="Hash">432061288</I32><S N="MiXml">&lt;CLASS NAME="MSFT_TaskExecAction" SUPERCLASS="MSFT_TaskAction"&gt;&lt;PROPERTY NAME="Arguments" TYPE="string"&gt;&lt;/PROPERTY&gt;&lt;PROPERTY NAME="Execute" TYPE="string"&gt;&lt;/PROPERTY&gt;&lt;PROPERTY NAME="WorkingDirectory" TYPE="string"&gt;&lt;/PROPERTY&gt;&lt;/CLASS&gt;</S></MS></Obj></LST></Obj></MS></Obj></LST></Obj><Nil N="Author" /><Nil N="Date" /><Nil N="Description" /><Nil N="Documentation" /><Obj N="Principal" RefId="6"><TN RefId="4"><T>Microsoft.Management.Infrastructure.CimInstance#Root/Microsoft/Windows/TaskScheduler/MSFT_TaskPrincipal2</T><T>Microsoft.Management.Infrastructure.CimInstance#ROOT/Microsoft/Windows/TaskScheduler/MSFT_TaskPrincipal</T><T>Microsoft.Management.Infrastructure.CimInstance#MSFT_TaskPrincipal2</T><T>Microsoft.Management.Infrastructure.CimInstance#MSFT_TaskPrincipal</T><T>Microsoft.Management.Infrastructure.CimInstance</T><T>System.Object</T></TN><ToString>MSFT_TaskPrincipal2</ToString><Props><Nil N="DisplayName" /><Nil N="GroupId" /><S N="Id">Author</S><I32 N="LogonType">1</I32><I32 N="RunLevel">0</I32><S N="UserId">citrixservices2</S><I32 N="ProcessTokenSidType">2</I32><Nil N="RequiredPrivilege" /><Nil N="PSComputerName" /></Props><MS><Obj N="__ClassMetadata" RefId="7"><TNRef RefId="3" /><LST><Obj RefId="8"><MS><S N="ClassName">MSFT_TaskPrincipal</S><S N="Namespace">ROOT/Microsoft/Windows/TaskScheduler</S><S N="ServerName">3TESLA51A</S><I32 N="Hash">451335448</I32><S N="MiXml">&lt;CLASS NAME="MSFT_TaskPrincipal"&gt;&lt;PROPERTY NAME="DisplayName" TYPE="string"&gt;&lt;/PROPERTY&gt;&lt;PROPERTY NAME="GroupId" TYPE="string"&gt;&lt;/PROPERTY&gt;&lt;PROPERTY NAME="Id" TYPE="string"&gt;&lt;/PROPERTY&gt;&lt;PROPERTY NAME="LogonType" TYPE="sint32"&gt;&lt;QUALIFIER NAME="read" TYPE="boolean"&gt;&lt;VALUE&gt;true&lt;/VALUE&gt;&lt;/QUALIFIER&gt;&lt;QUALIFIER NAME="ValueMap" TYPE="string"&gt;&lt;VALUE.ARRAY&gt;&lt;VALUE&gt;0&lt;/VALUE&gt;&lt;VALUE&gt;1&lt;/VALUE&gt;&lt;VALUE&gt;2&lt;/VALUE&gt;&lt;VALUE&gt;3&lt;/VALUE&gt;&lt;VALUE&gt;4&lt;/VALUE&gt;&lt;VALUE&gt;5&lt;/VALUE&gt;&lt;VALUE&gt;6&lt;/VALUE&gt;&lt;/VALUE.ARRAY&gt;&lt;/QUALIFIER&gt;&lt;QUALIFIER NAME="Values" TYPE="string"&gt;&lt;VALUE.ARRAY&gt;&lt;VALUE&gt;1&lt;/VALUE&gt;&lt;VALUE&gt;2&lt;/VALUE&gt;&lt;VALUE&gt;3&lt;/VALUE&gt;&lt;VALUE&gt;4&lt;/VALUE&gt;&lt;VALUE&gt;5&lt;/VALUE&gt;&lt;VALUE&gt;6&lt;/VALUE&gt;&lt;VALUE&gt;7&lt;/VALUE&gt;&lt;/VALUE.ARRAY&gt;&lt;/QUALIFIER&gt;&lt;/PROPERTY&gt;&lt;PROPERTY NAME="RunLevel" TYPE="sint32"&gt;&lt;/PROPERTY&gt;&lt;PROPERTY NAME="UserId" TYPE="string"&gt;&lt;/PROPERTY&gt;&lt;/CLASS&gt;</S></MS></Obj><Obj RefId="9"><MS><S N="ClassName">MSFT_TaskPrincipal2</S><S N="Namespace">Root/Microsoft/Windows/TaskScheduler</S><S N="ServerName">3TESLA51A</S><I32 N="Hash">451343768</I32><S N="MiXml">&lt;CLASS NAME="MSFT_TaskPrincipal2" SUPERCLASS="MSFT_TaskPrincipal"&gt;&lt;PROPERTY NAME="ProcessTokenSidType" TYPE="sint32"&gt;&lt;QUALIFIER NAME="read" TYPE="boolean"&gt;&lt;VALUE&gt;true&lt;/VALUE&gt;&lt;/QUALIFIER&gt;&lt;QUALIFIER NAME="ValueMap" TYPE="string"&gt;&lt;VALUE.ARRAY&gt;&lt;VALUE&gt;0&lt;/VALUE&gt;&lt;VALUE&gt;1&lt;/VALUE&gt;&lt;VALUE&gt;2&lt;/VALUE&gt;&lt;/VALUE.ARRAY&gt;&lt;/QUALIFIER&gt;&lt;QUALIFIER NAME="Values" TYPE="string"&gt;&lt;VALUE.ARRAY&gt;&lt;VALUE&gt;109&lt;/VALUE&gt;&lt;VALUE&gt;110&lt;/VALUE&gt;&lt;VALUE&gt;111&lt;/VALUE&gt;&lt;/VALUE.ARRAY&gt;&lt;/QUALIFIER&gt;&lt;/PROPERTY&gt;&lt;PROPERTY.ARRAY NAME="RequiredPrivilege" TYPE="string"&gt;&lt;/PROPERTY.ARRAY&gt;&lt;/CLASS&gt;</S></MS></Obj></LST></Obj><S N="RunLevel">Limited</S><S N="LogonType">Password</S><S N="ProcessTokenSidType">Default</S></MS></Obj><S N="SecurityDescriptor"></S><Obj N="Settings" RefId="10"><TN RefId="5"><T>Microsoft.Management.Infrastructure.CimInstance#Root/Microsoft/Windows/TaskScheduler/MSFT_TaskSettings3</T><T>Microsoft.Management.Infrastructure.CimInstance#ROOT/Microsoft/Windows/TaskScheduler/MSFT_TaskSettings2</T><T>Microsoft.Management.Infrastructure.CimInstance#ROOT/Microsoft/Windows/TaskScheduler/MSFT_TaskSettings</T><T>Microsoft.Management.Infrastructure.CimInstance#MSFT_TaskSettings3</T><T>Microsoft.Management.Infrastructure.CimInstance#MSFT_TaskSettings2</T><T>Microsoft.Management.Infrastructure.CimInstance#MSFT_TaskSettings</T><T>Microsoft.Management.Infrastructure.CimInstance</T><T>System.Object</T></TN><ToString>MSFT_TaskSettings3</ToString><Props><B N="AllowDemandStart">true</B><B N="AllowHardTerminate">true</B><I32 N="Compatibility">2</I32><Nil N="DeleteExpiredTaskAfter" /><B N="DisallowStartIfOnBatteries">true</B><B N="Enabled">true</B><S N="ExecutionTimeLimit">PT72H</S><B N="Hidden">false</B><Obj N="IdleSettings" RefId="11"><TN RefId="6"><T>Microsoft.Management.Infrastructure.CimInstance#Root/Microsoft/Windows/TaskScheduler/MSFT_TaskIdleSettings</T><T>Microsoft.Management.Infrastructure.CimInstance#MSFT_TaskIdleSettings</T><T>Microsoft.Management.Infrastructure.CimInstance</T><T>System.Object</T></TN><ToString>MSFT_TaskIdleSettings</ToString><Props><S N="IdleDuration">PT10M</S><B N="RestartOnIdle">false</B><B N="StopOnIdleEnd">true</B><S N="WaitTimeout">PT1H</S><Nil N="PSComputerName" /></Props><MS><Obj N="__ClassMetadata" RefId="12"><TNRef RefId="3" /><LST><Obj RefId="13"><MS><S N="ClassName">MSFT_TaskIdleSettings</S><S N="Namespace">Root/Microsoft/Windows/TaskScheduler</S><S N="ServerName">3TESLA51A</S><I32 N="Hash">451377624</I32><S N="MiXml">&lt;CLASS NAME="MSFT_TaskIdleSettings"&gt;&lt;PROPERTY NAME="IdleDuration" TYPE="string"&gt;&lt;/PROPERTY&gt;&lt;PROPERTY NAME="RestartOnIdle" TYPE="boolean"&gt;&lt;/PROPERTY&gt;&lt;PROPERTY NAME="StopOnIdleEnd" TYPE="boolean"&gt;&lt;/PROPERTY&gt;&lt;PROPERTY NAME="WaitTimeout" TYPE="string"&gt;&lt;/PROPERTY&gt;&lt;/CLASS&gt;</S></MS></Obj></LST></Obj></MS></Obj><I32 N="MultipleInstances">2</I32><Obj N="NetworkSettings" RefId="14"><TN RefId="7"><T>Microsoft.Management.Infrastructure.CimInstance#Root/Microsoft/Windows/TaskScheduler/MSFT_TaskNetworkSettings</T><T>Microsoft.Management.Infrastructure.CimInstance#MSFT_TaskNetworkSettings</T><T>Microsoft.Management.Infrastructure.CimInstance</T><T>System.Object</T></TN><ToString>MSFT_TaskNetworkSettings</ToString><Props><Nil N="Id" /><Nil N="Name" /><Nil N="PSComputerName" /></Props><MS><Obj N="__ClassMetadata" RefId="15"><TNRef RefId="3" /><LST><Obj RefId="16"><MS><S N="ClassName">MSFT_TaskNetworkSettings</S><S N="Namespace">Root/Microsoft/Windows/TaskScheduler</S><S N="ServerName">3TESLA51A</S><I32 N="Hash">451376584</I32><S N="MiXml">&lt;CLASS NAME="MSFT_TaskNetworkSettings"&gt;&lt;PROPERTY NAME="Id" TYPE="string"&gt;&lt;/PROPERTY&gt;&lt;PROPERTY NAME="Name" TYPE="string"&gt;&lt;/PROPERTY&gt;&lt;/CLASS&gt;</S></MS></Obj></LST></Obj></MS></Obj><U32 N="Priority">7</U32><U32 N="RestartCount">0</U32><Nil N="RestartInterval" /><B N="RunOnlyIfIdle">false</B><B N="RunOnlyIfNetworkAvailable">false</B><B N="StartWhenAvailable">false</B><B N="StopIfGoingOnBatteries">true</B><B N="WakeToRun">false</B><B N="DisallowStartOnRemoteAppSession">false</B><B N="UseUnifiedSchedulingEngine">false</B><Nil N="MaintenanceSettings" /><B N="volatile">false</B><Nil N="PSComputerName" /></Props><MS><Obj N="__ClassMetadata" RefId="17"><TNRef RefId="3" /><LST><Obj RefId="18"><MS><S N="ClassName">MSFT_TaskSettings</S><S N="Namespace">ROOT/Microsoft/Windows/TaskScheduler</S><S N="ServerName">3TESLA51A</S><I32 N="Hash">451336488</I32><S N="MiXml">&lt;CLASS NAME="MSFT_TaskSettings"&gt;&lt;PROPERTY NAME="AllowDemandStart" TYPE="boolean"&gt;&lt;/PROPERTY&gt;&lt;PROPERTY NAME="AllowHardTerminate" TYPE="boolean"&gt;&lt;/PROPERTY&gt;&lt;PROPERTY NAME="Compatibility" TYPE="sint32"&gt;&lt;QUALIFIER NAME="read" TYPE="boolean"&gt;&lt;VALUE&gt;true&lt;/VALUE&gt;&lt;/QUALIFIER&gt;&lt;QUALIFIER NAME="ValueMap" TYPE="string"&gt;&lt;VALUE.ARRAY&gt;&lt;VALUE&gt;0&lt;/VALUE&gt;&lt;VALUE&gt;1&lt;/VALUE&gt;&lt;VALUE&gt;2&lt;/VALUE&gt;&lt;VALUE&gt;3&lt;/VALUE&gt;&lt;VALUE&gt;4&lt;/VALUE&gt;&lt;/VALUE.ARRAY&gt;&lt;/QUALIFIER&gt;&lt;QUALIFIER NAME="Values" TYPE="string"&gt;&lt;VALUE.ARRAY&gt;&lt;VALUE&gt;8&lt;/VALUE&gt;&lt;VALUE&gt;9&lt;/VALUE&gt;&lt;VALUE&gt;10&lt;/VALUE&gt;&lt;VALUE&gt;11&lt;/VALUE&gt;&lt;VALUE&gt;12&lt;/VALUE&gt;&lt;/VALUE.ARRAY&gt;&lt;/QUALIFIER&gt;&lt;/PROPERTY&gt;&lt;PROPERTY NAME="DeleteExpiredTaskAfter" TYPE="string"&gt;&lt;/PROPERTY&gt;&lt;PROPERTY NAME="DisallowStartIfOnBatteries" TYPE="boolean"&gt;&lt;/PROPERTY&gt;&lt;PROPERTY NAME="Enabled" TYPE="boolean"&gt;&lt;/PROPERTY&gt;&lt;PROPERTY NAME="ExecutionTimeLimit" TYPE="string"&gt;&lt;/PROPERTY&gt;&lt;PROPERTY NAME="Hidden" TYPE="boolean"&gt;&lt;/PROPERTY&gt;&lt;PROPERTY NAME="IdleSettings" TYPE="string"&gt;&lt;QUALIFIER NAME="EmbeddedInstance" TYPE="string"&gt;&lt;VALUE&gt;MSFT_TaskIdleSettings&lt;/VALUE&gt;&lt;/QUALIFIER&gt;&lt;/PROPERTY&gt;&lt;PROPERTY NAME="MultipleInstances" TYPE="sint32"&gt;&lt;QUALIFIER NAME="read" TYPE="boolean"&gt;&lt;VALUE&gt;true&lt;/VALUE&gt;&lt;/QUALIFIER&gt;&lt;QUALIFIER NAME="ValueMap" TYPE="string"&gt;&lt;VALUE.ARRAY&gt;&lt;VALUE&gt;0&lt;/VALUE&gt;&lt;VALUE&gt;1&lt;/VALUE&gt;&lt;VALUE&gt;2&lt;/VALUE&gt;&lt;VALUE&gt;3&lt;/VALUE&gt;&lt;/VALUE.ARRAY&gt;&lt;/QUALIFIER&gt;&lt;QUALIFIER NAME="Values" TYPE="string"&gt;&lt;VALUE.ARRAY&gt;&lt;VALUE&gt;13&lt;/VALUE&gt;&lt;VALUE&gt;14&lt;/VALUE&gt;&lt;VALUE&gt;15&lt;/VALUE&gt;&lt;VALUE&gt;16&lt;/VALUE&gt;&lt;/VALUE.ARRAY&gt;&lt;/QUALIFIER&gt;&lt;/PROPERTY&gt;&lt;PROPERTY NAME="NetworkSettings" TYPE="string"&gt;&lt;QUALIFIER NAME="EmbeddedInstance" TYPE="string"&gt;&lt;VALUE&gt;MSFT_TaskNetworkSettings&lt;/VALUE&gt;&lt;/QUALIFIER&gt;&lt;/PROPERTY&gt;&lt;PROPERTY NAME="Priority" TYPE="uint32"&gt;&lt;/PROPERTY&gt;&lt;PROPERTY NAME="RestartCount" TYPE="uint32"&gt;&lt;/PROPERTY&gt;&lt;PROPERTY NAME="RestartInterval" TYPE="string"&gt;&lt;/PROPERTY&gt;&lt;PROPERTY NAME="RunOnlyIfIdle" TYPE="boolean"&gt;&lt;/PROPERTY&gt;&lt;PROPERTY NAME="RunOnlyIfNetworkAvailable" TYPE="boolean"&gt;&lt;/PROPERTY&gt;&lt;PROPERTY NAME="StartWhenAvailable" TYPE="boolean"&gt;&lt;/PROPERTY&gt;&lt;PROPERTY NAME="StopIfGoingOnBatteries" TYPE="boolean"&gt;&lt;/PROPERTY&gt;&lt;PROPERTY NAME="WakeToRun" TYPE="boolean"&gt;&lt;/PROPERTY&gt;&lt;/CLASS&gt;</S></MS></Obj><Obj RefId="19"><MS><S N="ClassName">MSFT_TaskSettings2</S><S N="Namespace">ROOT/Microsoft/Windows/TaskScheduler</S><S N="ServerName">3TESLA51A</S><I32 N="Hash">451346888</I32><S N="MiXml">&lt;CLASS NAME="MSFT_TaskSettings2" SUPERCLASS="MSFT_TaskSettings"&gt;&lt;PROPERTY NAME="DisallowStartOnRemoteAppSession" TYPE="boolean"&gt;&lt;/PROPERTY&gt;&lt;PROPERTY NAME="UseUnifiedSchedulingEngine" TYPE="boolean"&gt;&lt;/PROPERTY&gt;&lt;/CLASS&gt;</S></MS></Obj><Obj RefId="20"><MS><S N="ClassName">MSFT_TaskSettings3</S><S N="Namespace">Root/Microsoft/Windows/TaskScheduler</S><S N="ServerName">3TESLA51A</S><I32 N="Hash">451347928</I32><S N="MiXml">&lt;CLASS NAME="MSFT_TaskSettings3" SUPERCLASS="MSFT_TaskSettings2"&gt;&lt;PROPERTY NAME="MaintenanceSettings" TYPE="string"&gt;&lt;QUALIFIER NAME="EmbeddedInstance" TYPE="string"&gt;&lt;VALUE&gt;MSFT_TaskMaintenanceSettings&lt;/VALUE&gt;&lt;/QUALIFIER&gt;&lt;/PROPERTY&gt;&lt;PROPERTY NAME="volatile" TYPE="boolean"&gt;&lt;/PROPERTY&gt;&lt;/CLASS&gt;</S></MS></Obj></LST></Obj><S N="MultipleInstances">IgnoreNew</S><S N="Compatibility">Vista</S></MS></Obj><Nil N="Source" /><I32 N="State">3</I32><S N="TaskName">task123</S><S N="TaskPath">\</S><Nil N="Triggers" /><S N="URI">\task123</S><Nil N="Version" /><Nil N="PSComputerName" /></Props><MS><Obj N="__ClassMetadata" RefId="21"><TNRef RefId="3" /><LST><Obj RefId="22"><MS><S N="ClassName">MSFT_ScheduledTask</S><S N="Namespace">Root/Microsoft/Windows/TaskScheduler</S><S N="ServerName">3TESLA51A</S><I32 N="Hash">451299544</I32><S N="MiXml">&lt;CLASS NAME="MSFT_ScheduledTask"&gt;&lt;QUALIFIER NAME="dynamic" TYPE="boolean"&gt;&lt;VALUE&gt;true&lt;/VALUE&gt;&lt;/QUALIFIER&gt;&lt;QUALIFIER NAME="provider" TYPE="string"&gt;&lt;VALUE&gt;ScheduledTaskProv&lt;/VALUE&gt;&lt;/QUALIFIER&gt;&lt;PROPERTY.ARRAY NAME="Actions" TYPE="string" EmbeddedObject="instance" EmbeddedClassName="MSFT_TaskAction"&gt;&lt;QUALIFIER NAME="EmbeddedInstance" TYPE="string"&gt;&lt;VALUE&gt;MSFT_TaskAction&lt;/VALUE&gt;&lt;/QUALIFIER&gt;&lt;/PROPERTY.ARRAY&gt;&lt;PROPERTY NAME="Author" TYPE="string"&gt;&lt;/PROPERTY&gt;&lt;PROPERTY NAME="Date" TYPE="string"&gt;&lt;/PROPERTY&gt;&lt;PROPERTY NAME="Description" TYPE="string"&gt;&lt;/PROPERTY&gt;&lt;PROPERTY NAME="Documentation" TYPE="string"&gt;&lt;/PROPERTY&gt;&lt;PROPERTY NAME="Principal" TYPE="string"&gt;&lt;QUALIFIER NAME="EmbeddedInstance" TYPE="string"&gt;&lt;VALUE&gt;MSFT_TaskPrincipal&lt;/VALUE&gt;&lt;/QUALIFIER&gt;&lt;/PROPERTY&gt;&lt;PROPERTY NAME="SecurityDescriptor" TYPE="string"&gt;&lt;/PROPERTY&gt;&lt;PROPERTY NAME="Settings" TYPE="string"&gt;&lt;QUALIFIER NAME="EmbeddedInstance" TYPE="string"&gt;&lt;VALUE&gt;MSFT_TaskSettings&lt;/VALUE&gt;&lt;/QUALIFIER&gt;&lt;/PROPERTY&gt;&lt;PROPERTY NAME="Source" TYPE="string"&gt;&lt;/PROPERTY&gt;&lt;PROPERTY NAME="State" TYPE="sint32"&gt;&lt;QUALIFIER NAME="read" TYPE="boolean"&gt;&lt;VALUE&gt;true&lt;/VALUE&gt;&lt;/QUALIFIER&gt;&lt;QUALIFIER NAME="ValueMap" TYPE="string"&gt;&lt;VALUE.ARRAY&gt;&lt;VALUE&gt;0&lt;/VALUE&gt;&lt;VALUE&gt;1&lt;/VALUE&gt;&lt;VALUE&gt;2&lt;/VALUE&gt;&lt;VALUE&gt;3&lt;/VALUE&gt;&lt;VALUE&gt;4&lt;/VALUE&gt;&lt;/VALUE.ARRAY&gt;&lt;/QUALIFIER&gt;&lt;QUALIFIER NAME="Values" TYPE="string"&gt;&lt;VALUE.ARRAY&gt;&lt;VALUE&gt;17&lt;/VALUE&gt;&lt;VALUE&gt;18&lt;/VALUE&gt;&lt;VALUE&gt;19&lt;/VALUE&gt;&lt;VALUE&gt;20&lt;/VALUE&gt;&lt;VALUE&gt;21&lt;/VALUE&gt;&lt;/VALUE.ARRAY&gt;&lt;/QUALIFIER&gt;&lt;/PROPERTY&gt;&lt;PROPERTY NAME="TaskName" TYPE="string"&gt;&lt;QUALIFIER NAME="key" TYPE="boolean" OVERRIDABLE="false"&gt;&lt;VALUE&gt;true&lt;/VALUE&gt;&lt;/QUALIFIER&gt;&lt;QUALIFIER NAME="read" TYPE="boolean"&gt;&lt;VALUE&gt;true&lt;/VALUE&gt;&lt;/QUALIFIER&gt;&lt;/PROPERTY&gt;&lt;PROPERTY NAME="TaskPath" TYPE="string"&gt;&lt;QUALIFIER NAME="key" TYPE="boolean" OVERRIDABLE="false"&gt;&lt;VALUE&gt;true&lt;/VALUE&gt;&lt;/QUALIFIER&gt;&lt;QUALIFIER NAME="read" TYPE="boolean"&gt;&lt;VALUE&gt;true&lt;/VALUE&gt;&lt;/QUALIFIER&gt;&lt;/PROPERTY&gt;&lt;PROPERTY.ARRAY NAME="Triggers" TYPE="string" EmbeddedObject="instance" EmbeddedClassName="MSFT_TaskTrigger"&gt;&lt;QUALIFIER NAME="EmbeddedInstance" TYPE="string"&gt;&lt;VALUE&gt;MSFT_TaskTrigger&lt;/VALUE&gt;&lt;/QUALIFIER&gt;&lt;/PROPERTY.ARRAY&gt;&lt;PROPERTY NAME="URI" TYPE="string"&gt;&lt;QUALIFIER NAME="read" TYPE="boolean"&gt;&lt;VALUE&gt;true&lt;/VALUE&gt;&lt;/QUALIFIER&gt;&lt;/PROPERTY&gt;&lt;PROPERTY NAME="Version" TYPE="string"&gt;&lt;/PROPERTY&gt;&lt;/CLASS&gt;</S></MS></Obj></LST></Obj><S N="State">Ready</S></MS></Obj></Objs>