{
  "annotations": {
    "list": [
      {
        "builtIn": 1,
        "datasource": {
          "type": "grafana",
          "uid": "-- Grafana --"
        },
        "enable": true,
        "hide": true,
        "iconColor": "rgba(0, 211, 255, 1)",
        "name": "Annotations & Alerts",
        "type": "dashboard"
      }
    ]
  },
  "editable": true,
  "fiscalYearStartMonth": 0,
  "graphTooltip": 0,
  "id": 20,
  "links": [
    {
      "asDropdown": false,
      "icon": "external link",
      "includeVars": false,
      "keepTime": true,
      "tags": [
        "citrix-site"
      ],
      "targetBlank": false,
      "title": "Citrix Site",
      "tooltip": "",
      "type": "dashboards",
      "url": ""
    }
  ],
  "liveNow": false,
  "panels": [
    {
      "datasource": {
        "type": "prometheus",
        "uid": "c3a5e98c-6e94-44b8-b894-ae05241051b7"
      },
      "description": "",
      "fieldConfig": {
        "defaults": {
          "color": {
            "mode": "thresholds"
          },
          "custom": {
            "align": "auto",
            "cellOptions": {
              "type": "auto"
            },
            "inspect": false
          },
          "mappings": [],
          "thresholds": {
            "mode": "absolute",
            "steps": [
              {
                "color": "green",
                "value": null
              },
              {
                "color": "red",
                "value": 80
              }
            ]
          },
          "unitScale": true
        },
        "overrides": [
          {
            "matcher": {
              "id": "byName",
              "options": "desktopgroup_name"
            },
            "properties": [
              {
                "id": "displayName",
                "value": "Delivery Group"
              },
              {
                "id": "custom.filterable",
                "value": true
              },
              {
                "id": "links",
                "value": [
                  {
                    "title": "",
                    "url": "/d/ba8b8650-2456-4ac6-847e-75394417c614/vda-delivery-group?orgId=1&refresh=30s&var-instance=${instance}&var-desktopgroup_name=${__data.fields.desktopgroup_name}&${__url_time_range}"
                  }
                ]
              }
            ]
          },
          {
            "matcher": {
              "id": "byName",
              "options": "Value #maint (lastNotNull) (count)"
            },
            "properties": [
              {
                "id": "displayName",
                "value": "Total"
              }
            ]
          },
          {
            "matcher": {
              "id": "byName",
              "options": "Value #maint (lastNotNull) (sum)"
            },
            "properties": [
              {
                "id": "displayName",
                "value": "InMaintenance"
              }
            ]
          },
          {
            "matcher": {
              "id": "byName",
              "options": "Value #registered (lastNotNull) (count)"
            },
            "properties": [
              {
                "id": "displayName",
                "value": "Registered"
              }
            ]
          },
          {
            "matcher": {
              "id": "byName",
              "options": "Value #unregistered (lastNotNull) (count)"
            },
            "properties": [
              {
                "id": "displayName",
                "value": "Unregistered"
              }
            ]
          },
          {
            "matcher": {
              "id": "byName",
              "options": "Value #sessioncount (lastNotNull) (sum)"
            },
            "properties": [
              {
                "id": "displayName",
                "value": "Sessions"
              }
            ]
          },
          {
            "matcher": {
              "id": "byName",
              "options": "Value #registered (lastNotNull) (count) - Value #sessioncount (lastNotNull) (sum)"
            },
            "properties": [
              {
                "id": "displayName",
                "value": "Available"
              }
            ]
          }
        ]
      },
      "gridPos": {
        "h": 18,
        "w": 24,
        "x": 0,
        "y": 0
      },
      "id": 9,
      "options": {
        "cellHeight": "sm",
        "footer": {
          "countRows": false,
          "fields": "",
          "reducer": [
            "sum"
          ],
          "show": false
        },
        "showHeader": true,
        "sortBy": [
          {
            "desc": true,
            "displayName": "Total"
          }
        ]
      },
      "pluginVersion": "10.3.1",
      "targets": [
        {
          "datasource": {
            "type": "prometheus",
            "uid": "c3a5e98c-6e94-44b8-b894-ae05241051b7"
          },
          "disableTextWrap": false,
          "editorMode": "code",
          "exemplar": false,
          "expr": "ctx_machine_isinmaintenancemode{desktopgroup_name=~\"$desktopgroup\", instance=\"$instance\", catalog_sessionsupport=\"2\"}",
          "format": "table",
          "fullMetaSearch": false,
          "includeNullMetadata": true,
          "instant": true,
          "legendFormat": "__auto",
          "range": false,
          "refId": "maint",
          "useBackend": false
        },
        {
          "datasource": {
            "type": "prometheus",
            "uid": "c3a5e98c-6e94-44b8-b894-ae05241051b7"
          },
          "editorMode": "code",
          "exemplar": false,
          "expr": "ctx_machine_currentregistrationstate{desktopgroup_name=~\"$desktopgroup\", instance=\"$instance\", catalog_sessionsupport=\"2\"} == 1",
          "format": "table",
          "hide": false,
          "instant": true,
          "legendFormat": "__auto",
          "range": false,
          "refId": "registered"
        },
        {
          "datasource": {
            "type": "prometheus",
            "uid": "c3a5e98c-6e94-44b8-b894-ae05241051b7"
          },
          "editorMode": "code",
          "exemplar": false,
          "expr": "ctx_machine_currentregistrationstate{desktopgroup_name=~\"$desktopgroup\", instance=\"$instance\", catalog_sessionsupport=\"2\"} != 1",
          "format": "table",
          "hide": false,
          "instant": true,
          "legendFormat": "__auto",
          "range": false,
          "refId": "unregistered"
        },
        {
          "datasource": {
            "type": "prometheus",
            "uid": "c3a5e98c-6e94-44b8-b894-ae05241051b7"
          },
          "editorMode": "code",
          "exemplar": false,
          "expr": "ctx_machine_currentsessioncount{desktopgroup_name=~\"$desktopgroup\", instance=\"$instance\", catalog_sessionsupport=\"2\"}",
          "format": "table",
          "hide": false,
          "instant": true,
          "legendFormat": "__auto",
          "range": false,
          "refId": "sessioncount"
        }
      ],
      "transformations": [
        {
          "id": "joinByField",
          "options": {
            "byField": "dnsname",
            "mode": "outer"
          }
        },
        {
          "id": "filterFieldsByName",
          "options": {
            "include": {
              "names": [
                "dnsname",
                "Value #maint",
                "Value #registered",
                "Value #unregistered",
                "Value #sessioncount",
                "desktopgroup_name 1"
              ]
            }
          }
        },
        {
          "id": "groupBy",
          "options": {
            "fields": {
              "Value #maint": {
                "aggregations": [
                  "lastNotNull"
                ],
                "operation": "aggregate"
              },
              "Value #registered": {
                "aggregations": [
                  "lastNotNull"
                ],
                "operation": "aggregate"
              },
              "Value #sessioncount": {
                "aggregations": [
                  "lastNotNull"
                ],
                "operation": "aggregate"
              },
              "Value #unregistered": {
                "aggregations": [
                  "lastNotNull"
                ],
                "operation": "aggregate"
              },
              "desktopgroup_name 1": {
                "aggregations": [],
                "operation": "groupby"
              },
              "dnsname": {
                "aggregations": [],
                "operation": "groupby"
              }
            }
          }
        },
        {
          "id": "groupBy",
          "options": {
            "fields": {
              "Value #maint (lastNotNull)": {
                "aggregations": [
                  "count",
                  "sum"
                ],
                "operation": "aggregate"
              },
              "Value #registered (lastNotNull)": {
                "aggregations": [
                  "count"
                ],
                "operation": "aggregate"
              },
              "Value #sessioncount (lastNotNull)": {
                "aggregations": [
                  "sum"
                ],
                "operation": "aggregate"
              },
              "Value #unregistered (lastNotNull)": {
                "aggregations": [
                  "count"
                ],
                "operation": "aggregate"
              },
              "desktopgroup_name": {
                "aggregations": [],
                "operation": "groupby"
              },
              "dnsname": {
                "aggregations": []
              }
            }
          }
        },
        {
          "id": "filterByValue",
          "options": {
            "filters": [
              {
                "config": {
                  "id": "equal",
                  "options": {
                    "value": "none"
                  }
                },
                "fieldName": "desktopgroup_name"
              }
            ],
            "match": "any",
            "type": "exclude"
          }
        }
      ],
      "type": "table"
    }
  ],
  "refresh": "",
  "schemaVersion": 39,
  "tags": [
        "vda-overview",
        "vda-delivery-group"
      ],
  "templating": {
    "list": [
      {
        "current": {
          "selected": false,
          "text": "3tesla53a",
          "value": "3tesla53a"
        },
        "datasource": {
          "type": "prometheus",
          "uid": "c3a5e98c-6e94-44b8-b894-ae05241051b7"
        },
        "definition": "label_values(ctx_machine_isinmaintenancemode,instance)",
        "hide": 0,
        "includeAll": false,
        "multi": false,
        "name": "instance",
        "options": [],
        "query": {
          "qryType": 1,
          "query": "label_values(ctx_machine_isinmaintenancemode,instance)",
          "refId": "PrometheusVariableQueryEditor-VariableQuery"
        },
        "refresh": 1,
        "regex": "",
        "skipUrlSync": false,
        "sort": 0,
        "type": "query"
      },
      {
        "current": {
          "selected": true,
          "text": [
            "All"
          ],
          "value": [
            "$__all"
          ]
        },
        "datasource": {
          "type": "prometheus",
          "uid": "c3a5e98c-6e94-44b8-b894-ae05241051b7"
        },
        "definition": "label_values(ctx_machine_isinmaintenancemode,desktopgroup_name)",
        "hide": 2,
        "includeAll": true,
        "multi": true,
        "name": "desktopgroup",
        "options": [],
        "query": {
          "qryType": 1,
          "query": "label_values(ctx_machine_isinmaintenancemode,desktopgroup_name)",
          "refId": "PrometheusVariableQueryEditor-VariableQuery"
        },
        "refresh": 1,
        "regex": "",
        "skipUrlSync": false,
        "sort": 0,
        "type": "query"
      }
    ]
  },
  "time": {
    "from": "now-1h",
    "to": "now"
  },
  "timepicker": {},
  "timezone": "",
  "title": "VDA Delivery Group Overview",
  "uid": "f37aec43-c073-47ad-bdc7-83f46ff26a61",
  "version": 7,
  "weekStart": ""
}