{
  "annotations": {
    "list": [
      {
        "builtIn": 1,
        "datasource": {
          "type": "grafana",
          "uid": "-- Grafana --"
        },
        "enable": true,
        "hide": true,
        "iconColor": "rgba(0, 211, 255, 1)",
        "name": "Annotations & Alerts",
        "type": "dashboard"
      }
    ]
  },
  "editable": true,
  "fiscalYearStartMonth": 0,
  "graphTooltip": 0,
  "id": 13,
  "links": [],
  "liveNow": false,
  "panels": [
    {
      "datasource": {
        "type": "loki",
        "uid": "a3b388bb-5990-45ca-a5b5-0bca47387fe1"
      },
      "fieldConfig": {
        "defaults": {
          "color": {
            "mode": "thresholds"
          },
          "custom": {
            "align": "auto",
            "cellOptions": {
              "type": "auto"
            },
            "inspect": false
          },
          "mappings": [],
          "thresholds": {
            "mode": "absolute",
            "steps": [
              {
                "color": "green",
                "value": null
              },
              {
                "color": "red",
                "value": 80
              }
            ]
          },
          "unitScale": true
        },
        "overrides": [
          {
            "matcher": {
              "id": "byName",
              "options": "Type"
            },
            "properties": [
              {
                "id": "custom.width",
                "value": 97
              }
            ]
          },
          {
            "matcher": {
              "id": "byName",
              "options": "EventCode"
            },
            "properties": [
              {
                "id": "custom.width",
                "value": 90
              }
            ]
          },
          {
            "matcher": {
              "id": "byName",
              "options": "SourceName"
            },
            "properties": [
              {
                "id": "custom.width",
                "value": 308
              }
            ]
          },
          {
            "matcher": {
              "id": "byName",
              "options": "TimeGenerated * 1000"
            },
            "properties": [
              {
                "id": "unit",
                "value": "dateTimeAsLocal"
              }
            ]
          },
          {
            "matcher": {
              "id": "byName",
              "options": "Time"
            },
            "properties": [
              {
                "id": "custom.width",
                "value": 204
              }
            ]
          },
          {
            "matcher": {
              "id": "byName",
              "options": "Message"
            },
            "properties": [
              {
                "id": "links",
                "value": [
                  {
                    "targetBlank": true,
                    "title": "",
                    "url": "/d/7bd84cfb-dc4f-44ec-83ff-4bf10685f4c9/windows-event-details?orgId=1&var-instance=$instance&var-logfile=$logfile&var-recordnumber=${__data.fields.RecordNumber}"
                  }
                ]
              }
            ]
          }
        ]
      },
      "gridPos": {
        "h": 18,
        "w": 24,
        "x": 0,
        "y": 0
      },
      "id": 1,
      "options": {
        "cellHeight": "sm",
        "footer": {
          "countRows": false,
          "fields": "",
          "reducer": [
            "sum"
          ],
          "show": false
        },
        "showHeader": true,
        "sortBy": []
      },
      "pluginVersion": "10.3.1",
      "targets": [
        {
          "datasource": {
            "type": "loki",
            "uid": "a3b388bb-5990-45ca-a5b5-0bca47387fe1"
          },
          "editorMode": "builder",
          "expr": "{instance=~\"(?i)$instance\", type=~\"(?i)$type\", logfile=~\"(?i)$logfile\"}",
          "queryType": "range",
          "refId": "A"
        }
      ],
      "transformations": [
        {
          "id": "extractFields",
          "options": {
            "replace": true,
            "source": "Line"
          }
        },
        {
          "id": "calculateField",
          "options": {
            "binary": {
              "left": "TimeGenerated",
              "operator": "*",
              "right": "1000"
            },
            "mode": "binary",
            "reduce": {
              "reducer": "sum"
            }
          }
        },
        {
          "id": "organize",
          "options": {
            "excludeByName": {
              "Category": true,
              "CategoryString": true,
              "ComputerName": true,
              "Data": true,
              "EventIdentifier": true,
              "EventType": true,
              "InsertionStrings": true,
              "Logfile": true,
              "RecordNumber": false,
              "TimeGenerated": true,
              "TimeGenerated * 1000": false,
              "TimeWritten": true,
              "User": true
            },
            "includeByName": {},
            "indexByName": {
              "Category": 5,
              "CategoryString": 6,
              "ComputerName": 7,
              "EventCode": 3,
              "EventIdentifier": 8,
              "EventType": 9,
              "InsertionStrings": 10,
              "Logfile": 11,
              "Message": 12,
              "RecordNumber": 13,
              "SourceName": 4,
              "TimeGenerated": 1,
              "TimeGenerated * 1000": 0,
              "TimeWritten": 14,
              "Type": 2,
              "User": 15
            },
            "renameByName": {
              "TimeGenerated * 1000": "Time"
            }
          }
        }
      ],
      "type": "table"
    }
  ],
  "refresh": "",
  "schemaVersion": 39,
  "tags": [],
  "templating": {
    "list": [
      {
        "current": {
          "selected": false,
          "text": "3tesla41a.pr.mmmhc.com",
          "value": "3tesla41a.pr.mmmhc.com"
        },
        "datasource": {
          "type": "prometheus",
          "uid": "c3a5e98c-6e94-44b8-b894-ae05241051b7"
        },
        "definition": "label_values(cim_os_lastbootuptime,fqdn)",
        "hide": 0,
        "includeAll": false,
        "label": "Instance",
        "multi": false,
        "name": "instance",
        "options": [],
        "query": {
          "qryType": 1,
          "query": "label_values(cim_os_lastbootuptime,fqdn)",
          "refId": "PrometheusVariableQueryEditor-VariableQuery"
        },
        "refresh": 1,
        "regex": "",
        "skipUrlSync": false,
        "sort": 0,
        "type": "query"
      },
      {
        "current": {
          "selected": false,
          "text": "Warning",
          "value": "Warning"
        },
        "datasource": {
          "type": "loki",
          "uid": "a3b388bb-5990-45ca-a5b5-0bca47387fe1"
        },
        "definition": "",
        "hide": 0,
        "includeAll": false,
        "label": "Type",
        "multi": false,
        "name": "type",
        "options": [],
        "query": {
          "label": "type",
          "refId": "LokiVariableQueryEditor-VariableQuery",
          "stream": "",
          "type": 1
        },
        "refresh": 1,
        "regex": "",
        "skipUrlSync": false,
        "sort": 0,
        "type": "query"
      },
      {
        "current": {
          "selected": false,
          "text": "Citrix Delivery Services",
          "value": "Citrix Delivery Services"
        },
        "datasource": {
          "type": "loki",
          "uid": "a3b388bb-5990-45ca-a5b5-0bca47387fe1"
        },
        "definition": "",
        "hide": 0,
        "includeAll": false,
        "label": "LogFile",
        "multi": false,
        "name": "logfile",
        "options": [],
        "query": {
          "label": "logfile",
          "refId": "LokiVariableQueryEditor-VariableQuery",
          "stream": "{instance=~\"(?i)$instance\"}",
          "type": 1
        },
        "refresh": 1,
        "regex": "",
        "skipUrlSync": false,
        "sort": 0,
        "type": "query"
      }
    ]
  },
  "time": {
    "from": "now-1h",
    "to": "now"
  },
  "timepicker": {},
  "timezone": "",
  "title": "Windows Events",
  "uid": "e6bb5f59-de47-4112-90e5-da49afb86715",
  "version": 7,
  "weekStart": ""
}