{
  "annotations": {
    "list": [
      {
        "builtIn": 1,
        "datasource": {
          "type": "grafana",
          "uid": "-- Grafana --"
        },
        "enable": true,
        "hide": true,
        "iconColor": "rgba(0, 211, 255, 1)",
        "name": "Annotations & Alerts",
        "type": "dashboard"
      }
    ]
  },
  "editable": true,
  "fiscalYearStartMonth": 0,
  "graphTooltip": 0,
  "id": 14,
  "links": [],
  "liveNow": false,
  "panels": [
    {
      "datasource": {
        "type": "loki",
        "uid": "a3b388bb-5990-45ca-a5b5-0bca47387fe1"
      },
      "fieldConfig": {
        "defaults": {
          "color": {
            "mode": "thresholds"
          },
          "mappings": [],
          "thresholds": {
            "mode": "absolute",
            "steps": [
              {
                "color": "green",
                "value": null
              },
              {
                "color": "red",
                "value": 80
              }
            ]
          },
          "unit": "string",
          "unitScale": true
        },
        "overrides": [
          {
            "matcher": {
              "id": "byName",
              "options": "DateTime"
            },
            "properties": [
              {
                "id": "unit",
                "value": "dateTimeAsLocal"
              }
            ]
          }
        ]
      },
      "gridPos": {
        "h": 15,
        "w": 16,
        "x": 0,
        "y": 0
      },
      "id": 1,
      "options": {
        "inlineEditing": true,
        "panZoom": false,
        "root": {
          "background": {
            "color": {
              "fixed": "transparent"
            },
            "image": {
              "field": "",
              "fixed": "",
              "mode": "fixed"
            }
          },
          "border": {
            "color": {
              "fixed": "dark-blue"
            },
            "width": 0
          },
          "constraint": {
            "horizontal": "left",
            "vertical": "top"
          },
          "elements": [
            {
              "background": {
                "color": {
                  "fixed": "transparent"
                }
              },
              "border": {
                "color": {
                  "fixed": "dark-green"
                }
              },
              "config": {
                "align": "left",
                "color": {
                  "fixed": "text"
                },
                "size": 12,
                "text": {
                  "field": "Message",
                  "fixed": "",
                  "mode": "field"
                },
                "valign": "top"
              },
              "constraint": {
                "horizontal": "left",
                "vertical": "top"
              },
              "name": "MessageValue",
              "placement": {
                "height": 189,
                "left": 200,
                "top": 205,
                "width": 620
              },
              "type": "metric-value"
            },
            {
              "background": {
                "color": {
                  "fixed": "transparent"
                }
              },
              "border": {
                "color": {
                  "fixed": "dark-blue"
                },
                "width": 1
              },
              "config": {
                "align": "right",
                "color": {
                  "fixed": "rgb(204, 204, 220)"
                },
                "size": 16,
                "text": {
                  "fixed": "Message"
                },
                "valign": "middle"
              },
              "constraint": {
                "horizontal": "left",
                "vertical": "top"
              },
              "name": "MessageLabel",
              "placement": {
                "height": 50,
                "left": 55,
                "top": 205,
                "width": 129
              },
              "type": "text"
            },
            {
              "background": {
                "color": {
                  "fixed": "transparent"
                },
                "image": {
                  "fixed": "",
                  "mode": "fixed"
                }
              },
              "border": {
                "color": {
                  "fixed": "dark-green"
                }
              },
              "config": {
                "align": "left",
                "color": {
                  "fixed": "text"
                },
                "size": 12,
                "text": {
                  "field": "SourceName",
                  "fixed": "",
                  "mode": "field"
                },
                "valign": "middle"
              },
              "constraint": {
                "horizontal": "left",
                "vertical": "top"
              },
              "name": "SourceValue",
              "placement": {
                "height": 50,
                "left": 200,
                "top": 155,
                "width": 620
              },
              "type": "metric-value"
            },
            {
              "background": {
                "color": {
                  "fixed": "transparent"
                }
              },
              "border": {
                "color": {
                  "fixed": "dark-blue"
                },
                "width": 1
              },
              "config": {
                "align": "right",
                "color": {
                  "fixed": "rgb(204, 204, 220)"
                },
                "size": 16,
                "text": {
                  "fixed": "Source Name"
                },
                "valign": "middle"
              },
              "constraint": {
                "horizontal": "left",
                "vertical": "top"
              },
              "name": "SourceLabel",
              "placement": {
                "height": 50,
                "left": 55,
                "top": 155,
                "width": 129
              },
              "type": "text"
            },
            {
              "background": {
                "color": {
                  "fixed": "transparent"
                },
                "image": {
                  "fixed": "",
                  "mode": "fixed"
                }
              },
              "border": {
                "color": {
                  "fixed": "dark-green"
                }
              },
              "config": {
                "align": "left",
                "color": {
                  "fixed": "text"
                },
                "size": 12,
                "text": {
                  "field": "EventCode",
                  "fixed": "",
                  "mode": "field"
                },
                "valign": "middle"
              },
              "constraint": {
                "horizontal": "left",
                "vertical": "top"
              },
              "name": "EventIdValue",
              "placement": {
                "height": 50,
                "left": 200,
                "top": 105,
                "width": 620
              },
              "type": "metric-value"
            },
            {
              "background": {
                "color": {
                  "fixed": "transparent"
                }
              },
              "border": {
                "color": {
                  "fixed": "dark-blue"
                },
                "width": 1
              },
              "config": {
                "align": "right",
                "color": {
                  "fixed": "rgb(204, 204, 220)"
                },
                "size": 16,
                "text": {
                  "fixed": "Event Id"
                },
                "valign": "middle"
              },
              "constraint": {
                "horizontal": "left",
                "vertical": "top"
              },
              "name": "EventIdLabel",
              "placement": {
                "height": 50,
                "left": 55,
                "top": 105,
                "width": 129
              },
              "type": "text"
            },
            {
              "background": {
                "color": {
                  "fixed": "transparent"
                },
                "image": {
                  "fixed": "",
                  "mode": "fixed"
                }
              },
              "border": {
                "color": {
                  "fixed": "dark-green"
                }
              },
              "config": {
                "align": "left",
                "color": {
                  "fixed": "text"
                },
                "size": 12,
                "text": {
                  "field": "DateTime",
                  "fixed": "",
                  "mode": "field"
                },
                "valign": "middle"
              },
              "constraint": {
                "horizontal": "left",
                "vertical": "top"
              },
              "name": "TimeValue",
              "placement": {
                "height": 50,
                "left": 200,
                "top": 55,
                "width": 620
              },
              "type": "metric-value"
            },
            {
              "background": {
                "color": {
                  "fixed": "transparent"
                }
              },
              "border": {
                "color": {
                  "fixed": "dark-blue"
                },
                "width": 1
              },
              "config": {
                "align": "right",
                "color": {
                  "fixed": "rgb(204, 204, 220)"
                },
                "size": 16,
                "text": {
                  "fixed": "Time"
                },
                "valign": "middle"
              },
              "constraint": {
                "horizontal": "left",
                "vertical": "top"
              },
              "name": "TimeLabel",
              "placement": {
                "height": 50,
                "left": 55,
                "top": 55,
                "width": 129
              },
              "type": "text"
            },
            {
              "background": {
                "color": {
                  "fixed": "transparent"
                },
                "image": {
                  "fixed": "",
                  "mode": "fixed"
                }
              },
              "border": {
                "color": {
                  "fixed": "dark-green"
                }
              },
              "config": {
                "align": "left",
                "color": {
                  "fixed": "text"
                },
                "size": 12,
                "text": {
                  "field": "ComputerName",
                  "fixed": "",
                  "mode": "field"
                },
                "valign": "middle"
              },
              "constraint": {
                "horizontal": "left",
                "vertical": "top"
              },
              "name": "ServerValue",
              "placement": {
                "height": 50,
                "left": 200,
                "top": 5,
                "width": 620
              },
              "type": "metric-value"
            },
            {
              "background": {
                "color": {
                  "fixed": "transparent"
                }
              },
              "border": {
                "color": {
                  "fixed": "dark-blue"
                },
                "width": 1
              },
              "config": {
                "align": "right",
                "color": {
                  "fixed": "rgb(204, 204, 220)"
                },
                "size": 16,
                "text": {
                  "fixed": "Server"
                },
                "valign": "middle"
              },
              "constraint": {
                "horizontal": "left",
                "vertical": "top"
              },
              "name": "ServerLabel",
              "placement": {
                "height": 50,
                "left": 55,
                "top": 5,
                "width": 129
              },
              "type": "text"
            }
          ],
          "name": "Element 1709662992248",
          "placement": {
            "height": 100,
            "left": 0,
            "top": 0,
            "width": 100
          },
          "type": "frame"
        },
        "showAdvancedTypes": true
      },
      "pluginVersion": "10.3.1",
      "targets": [
        {
          "datasource": {
            "type": "loki",
            "uid": "a3b388bb-5990-45ca-a5b5-0bca47387fe1"
          },
          "editorMode": "builder",
          "expr": "{instance=~\"(?i)$instance\", logfile=~\"(?i)$logfile\"} | json | RecordNumber = `$recordnumber`",
          "queryType": "range",
          "refId": "A"
        }
      ],
      "title": "Event Details",
      "transformations": [
        {
          "id": "extractFields",
          "options": {
            "keepTime": false,
            "replace": true,
            "source": "Line"
          }
        },
        {
          "id": "calculateField",
          "options": {
            "alias": "DateTime",
            "binary": {
              "left": "TimeGenerated",
              "operator": "*",
              "right": "1000"
            },
            "mode": "binary",
            "reduce": {
              "reducer": "sum"
            }
          }
        }
      ],
      "type": "canvas"
    }
  ],
  "refresh": "",
  "schemaVersion": 39,
  "tags": [],
  "templating": {
    "list": [
      {
        "current": {
          "selected": false
        },
        "datasource": {
          "type": "loki",
          "uid": "a3b388bb-5990-45ca-a5b5-0bca47387fe1"
        },
        "definition": "",
        "hide": 2,
        "includeAll": false,
        "multi": false,
        "name": "instance",
        "options": [],
        "query": {
          "label": "instance",
          "refId": "LokiVariableQueryEditor-VariableQuery",
          "stream": "",
          "type": 1
        },
        "refresh": 1,
        "regex": "",
        "skipUrlSync": false,
        "sort": 0,
        "type": "query"
      },
      {
        "current": {
          "selected": false
        },
        "datasource": {
          "type": "loki",
          "uid": "a3b388bb-5990-45ca-a5b5-0bca47387fe1"
        },
        "definition": "",
        "hide": 2,
        "includeAll": false,
        "multi": false,
        "name": "logfile",
        "options": [],
        "query": {
          "label": "logfile",
          "refId": "LokiVariableQueryEditor-VariableQuery",
          "stream": "{instance=~\"(?i)$instance\"}",
          "type": 1
        },
        "refresh": 1,
        "regex": "",
        "skipUrlSync": false,
        "sort": 0,
        "type": "query"
      },
      {
        "current": {
          "selected": false
        },
        "hide": 2,
        "label": "RecordNumber",
        "name": "recordnumber",
        "options": [
          {
            "selected": false,
            "text": "",
            "value": ""
          }
        ],
        "query": "11514423",
        "skipUrlSync": false,
        "type": "textbox"
      }
    ]
  },
  "time": {
    "from": "now-1h",
    "to": "now"
  },
  "timepicker": {},
  "timezone": "",
  "title": "Windows Event Details",
  "uid": "7bd84cfb-dc4f-44ec-83ff-4bf10685f4c9",
  "version": 4,
  "weekStart": ""
}