{
  "annotations": {
    "list": [
      {
        "builtIn": 1,
        "datasource": {
          "type": "grafana",
          "uid": "-- Grafana --"
        },
        "enable": true,
        "hide": true,
        "iconColor": "rgba(0, 211, 255, 1)",
        "name": "Annotations & Alerts",
        "type": "dashboard"
      }
    ]
  },
  "editable": true,
  "fiscalYearStartMonth": 0,
  "graphTooltip": 0,
  "id": 68,
  "links": [],
  "liveNow": false,
  "panels": [
    {
      "datasource": {
        "type": "prometheus",
        "uid": "c3a5e98c-6e94-44b8-b894-ae05241051b7"
      },
      "fieldConfig": {
        "defaults": {
          "color": {
            "mode": "thresholds"
          },
          "custom": {
            "align": "auto",
            "cellOptions": {
              "type": "auto"
            },
            "inspect": false
          },
          "links": [
            {
              "targetBlank": true,
              "title": "",
              "url": "/d/01c8fe02-4b27-495b-945e-d133dc478767/netscaler-status?orgId=1&var-instance=${__data.fields.Instance}"
            }
          ],
          "mappings": [],
          "thresholds": {
            "mode": "absolute",
            "steps": [
              {
                "color": "green",
                "value": null
              }
            ]
          },
          "unitScale": true
        },
        "overrides": [
          {
            "matcher": {
              "id": "byName",
              "options": "CPU %"
            },
            "properties": [
              {
                "id": "custom.cellOptions",
                "value": {
                  "type": "color-background"
                }
              },
              {
                "id": "thresholds",
                "value": {
                  "mode": "absolute",
                  "steps": [
                    {
                      "color": "green",
                      "value": null
                    },
                    {
                      "color": "#EAB839",
                      "value": 80
                    },
                    {
                      "color": "red",
                      "value": 90
                    }
                  ]
                }
              },
              {
                "id": "unit",
                "value": "percent"
              },
              {
                "id": "custom.width",
                "value": 100
              }
            ]
          },
          {
            "matcher": {
              "id": "byName",
              "options": "RAM %"
            },
            "properties": [
              {
                "id": "custom.cellOptions",
                "value": {
                  "type": "color-background"
                }
              },
              {
                "id": "thresholds",
                "value": {
                  "mode": "absolute",
                  "steps": [
                    {
                      "color": "green",
                      "value": null
                    },
                    {
                      "color": "#EAB839",
                      "value": 80
                    },
                    {
                      "color": "red",
                      "value": 90
                    }
                  ]
                }
              },
              {
                "id": "unit",
                "value": "percent"
              },
              {
                "id": "custom.width",
                "value": 100
              }
            ]
          },
          {
            "matcher": {
              "id": "byName",
              "options": "Disk Used %"
            },
            "properties": [
              {
                "id": "custom.cellOptions",
                "value": {
                  "type": "color-background"
                }
              },
              {
                "id": "thresholds",
                "value": {
                  "mode": "absolute",
                  "steps": [
                    {
                      "color": "green",
                      "value": null
                    },
                    {
                      "color": "#EAB839",
                      "value": 80
                    },
                    {
                      "color": "red",
                      "value": 90
                    }
                  ]
                }
              },
              {
                "id": "unit",
                "value": "percent"
              },
              {
                "id": "custom.width",
                "value": 100
              }
            ]
          },
          {
            "matcher": {
              "id": "byName",
              "options": "CertExpires"
            },
            "properties": [
              {
                "id": "custom.cellOptions",
                "value": {
                  "type": "color-background"
                }
              },
              {
                "id": "thresholds",
                "value": {
                  "mode": "absolute",
                  "steps": [
                    {
                      "color": "red",
                      "value": null
                    },
                    {
                      "color": "green",
                      "value": 90
                    }
                  ]
                }
              },
              {
                "id": "unit",
                "value": "d"
              },
              {
                "id": "custom.width",
                "value": 120
              }
            ]
          },
          {
            "matcher": {
              "id": "byName",
              "options": "Instance"
            },
            "properties": [
              {
                "id": "custom.width",
                "value": 191
              }
            ]
          },
          {
            "matcher": {
              "id": "byName",
              "options": "HA State"
            },
            "properties": [
              {
                "id": "custom.width",
                "value": 120
              }
            ]
          },
          {
            "matcher": {
              "id": "byName",
              "options": "Last HA Transition"
            },
            "properties": [
              {
                "id": "unit",
                "value": "s"
              },
              {
                "id": "thresholds",
                "value": {
                  "mode": "absolute",
                  "steps": [
                    {
                      "color": "red",
                      "value": null
                    },
                    {
                      "color": "orange",
                      "value": 14400
                    },
                    {
                      "color": "green",
                      "value": 86400
                    }
                  ]
                }
              },
              {
                "id": "custom.cellOptions",
                "value": {
                  "type": "color-background"
                }
              }
            ]
          },
          {
            "matcher": {
              "id": "byName",
              "options": "Time since Reboot"
            },
            "properties": [
              {
                "id": "unit",
                "value": "s"
              },
              {
                "id": "custom.cellOptions",
                "value": {
                  "type": "color-background"
                }
              },
              {
                "id": "thresholds",
                "value": {
                  "mode": "absolute",
                  "steps": [
                    {
                      "color": "red",
                      "value": null
                    },
                    {
                      "color": "yellow",
                      "value": 43200
                    },
                    {
                      "color": "green",
                      "value": 86400
                    }
                  ]
                }
              }
            ]
          }
        ]
      },
      "gridPos": {
        "h": 12,
        "w": 24,
        "x": 0,
        "y": 0
      },
      "id": 1,
      "options": {
        "cellHeight": "sm",
        "footer": {
          "countRows": false,
          "fields": "",
          "reducer": [
            "sum"
          ],
          "show": false
        },
        "showHeader": true
      },
      "pluginVersion": "10.3.1",
      "targets": [
        {
          "datasource": {
            "type": "prometheus",
            "uid": "c3a5e98c-6e94-44b8-b894-ae05241051b7"
          },
          "editorMode": "code",
          "exemplar": false,
          "expr": "snmp_ns_stats_rescpuusage{instance=~\"$instance\"} >= $cpu_threshold or clamp_max(absent(notExists{instance=\"None\"}),0)",
          "format": "table",
          "hide": false,
          "instant": true,
          "legendFormat": "__auto",
          "range": false,
          "refId": "CPU"
        },
        {
          "datasource": {
            "type": "prometheus",
            "uid": "c3a5e98c-6e94-44b8-b894-ae05241051b7"
          },
          "editorMode": "code",
          "exemplar": false,
          "expr": "snmp_ns_stats_resmemusage{instance=~\"$instance\"} >= $ram_threshold or clamp_max(absent(notExists{instance=\"None\"}),0)",
          "format": "table",
          "hide": false,
          "instant": true,
          "legendFormat": "__auto",
          "range": false,
          "refId": "RAM"
        },
        {
          "datasource": {
            "type": "prometheus",
            "uid": "c3a5e98c-6e94-44b8-b894-ae05241051b7"
          },
          "editorMode": "code",
          "exemplar": false,
          "expr": "max by (instance) (snmp_ns_disk_syshealthdiskperusage{instance=~\"$instance\"}) >= $disk_threshold or clamp_max(absent(notExists{instance=\"None\"}),0)",
          "format": "table",
          "hide": false,
          "instant": true,
          "legendFormat": "__auto",
          "range": false,
          "refId": "Disk"
        },
        {
          "datasource": {
            "type": "prometheus",
            "uid": "c3a5e98c-6e94-44b8-b894-ae05241051b7"
          },
          "editorMode": "code",
          "exemplar": false,
          "expr": "min by (instance) (snmp_ns_certkey_ssldaystoexpire{instance=~\"$instance\"}) < $cert_expire_days or clamp_max(absent(notExists{instance=\"None\"}),0)",
          "format": "table",
          "hide": false,
          "instant": true,
          "legendFormat": "__auto",
          "range": false,
          "refId": "Certs"
        },
        {
          "datasource": {
            "type": "prometheus",
            "uid": "c3a5e98c-6e94-44b8-b894-ae05241051b7"
          },
          "editorMode": "code",
          "exemplar": false,
          "expr": "label_replace(snmp_ns_info_syscurmappedipcount{instance=~\"$instance\", syshighavailabilitymode=~\"$ha_state\"}, \"nsversion\", \"$1-$2\", \"sysbuildversion\", \"[^ ]+ ([^ :]+):? [^ ]+ ([^ ]+).*\")",
          "format": "table",
          "hide": false,
          "instant": true,
          "legendFormat": "__auto",
          "range": false,
          "refId": "HA"
        },
        {
          "datasource": {
            "type": "prometheus",
            "uid": "c3a5e98c-6e94-44b8-b894-ae05241051b7"
          },
          "editorMode": "code",
          "exemplar": false,
          "expr": "sum by (instance) (snmp_ns_stats_hatimeoflaststatetransition / 100)",
          "format": "table",
          "hide": false,
          "instant": true,
          "legendFormat": "__auto",
          "range": false,
          "refId": "LASTHATRANSITION"
        },
        {
          "datasource": {
            "type": "prometheus",
            "uid": "c3a5e98c-6e94-44b8-b894-ae05241051b7"
          },
          "disableTextWrap": false,
          "editorMode": "code",
          "exemplar": false,
          "expr": "snmp_ns_stats_sysuptime{instance=~\"$instance\"} / 100",
          "format": "table",
          "fullMetaSearch": false,
          "hide": false,
          "includeNullMetadata": true,
          "instant": true,
          "legendFormat": "__auto",
          "range": false,
          "refId": "LASTBOOT",
          "useBackend": false
        }
      ],
      "transformations": [
        {
          "id": "joinByField",
          "options": {
            "byField": "instance",
            "mode": "inner"
          }
        },
        {
          "id": "organize",
          "options": {
            "excludeByName": {
              "Time": true,
              "Time 2": true,
              "Time 3": true,
              "Time 4": true,
              "Time 7": true,
              "Value #HA": true,
              "__name__": true,
              "__name__ 1": true,
              "__name__ 2": true,
              "__name__ 4": true,
              "job": true,
              "job 2": true,
              "job 4": true,
              "sysbuildversion": true,
              "syscustomid": true,
              "sysgateway": true,
              "syshardwareserialnumber": true,
              "syshardwareversiondesc": true,
              "syshighavailabilitymode 2": true,
              "sysipaddress": true,
              "sysmodelid": true,
              "sysnetmask": true
            },
            "includeByName": {},
            "indexByName": {
              "Time": 2,
              "Time 2": 7,
              "Time 3": 9,
              "Time 4": 11,
              "Time 5": 24,
              "Time 6": 30,
              "Time 7": 33,
              "Value #CPU": 5,
              "Value #Certs": 10,
              "Value #Disk": 8,
              "Value #HA": 23,
              "Value #LASTBOOT": 15,
              "Value #LASTHATRANSITION": 14,
              "Value #RAM": 6,
              "__name__ 1": 3,
              "__name__ 2": 12,
              "__name__ 3": 25,
              "hacurstate": 27,
              "instance": 0,
              "job": 4,
              "job 2": 13,
              "job 3": 26,
              "job 4": 34,
              "nsversion": 32,
              "numpes": 28,
              "sslcards": 29,
              "sysbuildversion": 31,
              "syscustomid": 16,
              "sysgateway": 17,
              "syshardwareserialnumber": 18,
              "syshardwareversiondesc": 19,
              "syshighavailabilitymode": 1,
              "sysipaddress": 20,
              "sysmodelid": 21,
              "sysnetmask": 22
            },
            "renameByName": {
              "Value #CPU": "CPU %",
              "Value #Certs": "CertExpires",
              "Value #Disk": "Disk Used %",
              "Value #LASTBOOT": "Time since Reboot",
              "Value #LASTHATRANSITION": "Last HA Transition",
              "Value #RAM": "RAM %",
              "instance": "Instance",
              "job 2": "",
              "job 4": "",
              "nsversion": "Version",
              "syshighavailabilitymode": "HA State"
            }
          }
        }
      ],
      "type": "table"
    }
  ],
  "refresh": "",
  "schemaVersion": 39,
  "tags": [],
  "templating": {
    "list": [
      {
        "current": {
          "selected": false,
          "text": ".*",
          "value": ".*"
        },
        "hide": 0,
        "label": "Instance",
        "name": "instance",
        "options": [
          {
            "selected": true,
            "text": ".*",
            "value": ".*"
          }
        ],
        "query": ".*",
        "skipUrlSync": false,
        "type": "textbox"
      },
      {
        "current": {
          "selected": true,
          "text": "All",
          "value": "$__all"
        },
        "datasource": {
          "type": "prometheus",
          "uid": "c3a5e98c-6e94-44b8-b894-ae05241051b7"
        },
        "definition": "label_values(snmp_ns_info_syscurmappedipcount,syshighavailabilitymode)",
        "hide": 0,
        "includeAll": true,
        "label": "HA State",
        "multi": false,
        "name": "ha_state",
        "options": [],
        "query": {
          "qryType": 1,
          "query": "label_values(snmp_ns_info_syscurmappedipcount,syshighavailabilitymode)",
          "refId": "PrometheusVariableQueryEditor-VariableQuery"
        },
        "refresh": 1,
        "regex": "",
        "skipUrlSync": false,
        "sort": 0,
        "type": "query"
      },
      {
        "current": {
          "selected": false,
          "text": "0",
          "value": "0"
        },
        "hide": 0,
        "label": "CPU % >",
        "name": "cpu_threshold",
        "options": [
          {
            "selected": true,
            "text": "0",
            "value": "0"
          }
        ],
        "query": "0",
        "skipUrlSync": false,
        "type": "textbox"
      },
      {
        "current": {
          "selected": false,
          "text": "0",
          "value": "0"
        },
        "hide": 0,
        "label": "RAM % >",
        "name": "ram_threshold",
        "options": [
          {
            "selected": true,
            "text": "0",
            "value": "0"
          }
        ],
        "query": "0",
        "skipUrlSync": false,
        "type": "textbox"
      },
      {
        "current": {
          "selected": false,
          "text": "0",
          "value": "0"
        },
        "hide": 0,
        "label": "Disk % >",
        "name": "disk_threshold",
        "options": [
          {
            "selected": true,
            "text": "0",
            "value": "0"
          }
        ],
        "query": "0",
        "skipUrlSync": false,
        "type": "textbox"
      },
      {
        "current": {
          "selected": false,
          "text": "9999",
          "value": "9999"
        },
        "hide": 0,
        "label": "Cert Expire(days) <",
        "name": "cert_expire_days",
        "options": [
          {
            "selected": true,
            "text": "9999",
            "value": "9999"
          }
        ],
        "query": "9999",
        "skipUrlSync": false,
        "type": "textbox"
      }
    ]
  },
  "time": {
    "from": "now-1h",
    "to": "now"
  },
  "timepicker": {},
  "timezone": "",
  "title": "NetScaler Overview",
  "uid": "d328e5a7-7275-47dd-9923-d974226944f5",
  "version": 5,
  "weekStart": ""
}