{
  "annotations": {
    "list": [
      {
        "builtIn": 1,
        "datasource": {
          "type": "grafana",
          "uid": "-- Grafana --"
        },
        "enable": true,
        "hide": true,
        "iconColor": "rgba(0, 211, 255, 1)",
        "name": "Annotations & Alerts",
        "type": "dashboard"
      }
    ]
  },
  "editable": true,
  "fiscalYearStartMonth": 0,
  "graphTooltip": 0,
  "id": 5,
  "links": [],
  "liveNow": false,
  "panels": [
    {
      "collapsed": false,
      "gridPos": {
        "h": 1,
        "w": 24,
        "x": 0,
        "y": 0
      },
      "id": 12,
      "panels": [],
      "repeat": "instance",
      "repeatDirection": "h",
      "title": "$instance",
      "type": "row"
    },
    {
      "datasource": {
        "type": "prometheus",
        "uid": "c3a5e98c-6e94-44b8-b894-ae05241051b7"
      },
      "fieldConfig": {
        "defaults": {
          "color": {
            "mode": "thresholds"
          },
          "decimals": 0,
          "links": [
            {
              "title": "Details",
              "url": "/d/c96dd703-89d1-42e6-be4d-c9ccf02b7487/server-status?orgId=1&refresh=10s&var-fqdn=${__field.labels.fqdn}"
            }
          ],
          "mappings": [],
          "max": 1,
          "min": 0,
          "thresholds": {
            "mode": "percentage",
            "steps": [
              {
                "color": "green",
                "value": null
              },
              {
                "color": "#EAB839",
                "value": 80
              },
              {
                "color": "red",
                "value": 95
              }
            ]
          },
          "unit": "percentunit",
          "unitScale": true
        },
        "overrides": []
      },
      "gridPos": {
        "h": 2,
        "w": 6,
        "x": 0,
        "y": 1
      },
      "id": 1,
      "options": {
        "colorMode": "value",
        "graphMode": "area",
        "justifyMode": "auto",
        "orientation": "auto",
        "reduceOptions": {
          "calcs": [
            "lastNotNull"
          ],
          "fields": "",
          "values": false
        },
        "showPercentChange": false,
        "textMode": "auto",
        "wideLayout": true
      },
      "pluginVersion": "10.3.1",
      "targets": [
        {
          "datasource": {
            "type": "prometheus",
            "uid": "c3a5e98c-6e94-44b8-b894-ae05241051b7"
          },
          "editorMode": "code",
          "exemplar": false,
          "expr": "1-(rate(cim_perfcpu_percentidletime{instance=~\"$instance\", name=\"_Total\"}[$__rate_interval]) / rate(cim_perfcpu_timestamp_sys100ns{instance=~\"$instance\", name=\"_Total\"}[$__rate_interval]))",
          "format": "time_series",
          "instant": false,
          "interval": "180s",
          "legendFormat": "CPU",
          "range": true,
          "refId": "A"
        }
      ],
      "type": "stat"
    },
    {
      "datasource": {
        "type": "prometheus",
        "uid": "c3a5e98c-6e94-44b8-b894-ae05241051b7"
      },
      "fieldConfig": {
        "defaults": {
          "color": {
            "mode": "thresholds"
          },
          "links": [
            {
              "title": "Details",
              "url": "/d/c96dd703-89d1-42e6-be4d-c9ccf02b7487/server-status?orgId=1&refresh=10s&var-fqdn=${__field.labels.fqdn}"
            }
          ],
          "mappings": [],
          "max": 1,
          "min": 0,
          "thresholds": {
            "mode": "absolute",
            "steps": [
              {
                "color": "green",
                "value": null
              },
              {
                "color": "#EAB839",
                "value": 85
              },
              {
                "color": "red",
                "value": 95
              }
            ]
          },
          "unit": "percentunit",
          "unitScale": true
        },
        "overrides": []
      },
      "gridPos": {
        "h": 2,
        "w": 3,
        "x": 6,
        "y": 1
      },
      "id": 33,
      "options": {
        "colorMode": "value",
        "graphMode": "area",
        "justifyMode": "auto",
        "orientation": "auto",
        "reduceOptions": {
          "calcs": [],
          "fields": "",
          "values": false
        },
        "showPercentChange": false,
        "textMode": "auto",
        "wideLayout": true
      },
      "pluginVersion": "10.3.1",
      "targets": [
        {
          "datasource": {
            "type": "prometheus",
            "uid": "c3a5e98c-6e94-44b8-b894-ae05241051b7"
          },
          "editorMode": "code",
          "exemplar": false,
          "expr": "cim_os_freephysicalmemory{instance=\"$instance\"} / cim_os_totalvirtualmemorysize{instance=\"$instance\"}",
          "format": "time_series",
          "instant": false,
          "interval": "90s",
          "legendFormat": "RAM",
          "range": true,
          "refId": "A"
        }
      ],
      "type": "stat"
    },
    {
      "datasource": {
        "type": "prometheus",
        "uid": "c3a5e98c-6e94-44b8-b894-ae05241051b7"
      },
      "fieldConfig": {
        "defaults": {
          "color": {
            "mode": "thresholds"
          },
          "links": [],
          "mappings": [],
          "max": 1,
          "min": 0,
          "thresholds": {
            "mode": "percentage",
            "steps": [
              {
                "color": "green",
                "value": null
              },
              {
                "color": "#EAB839",
                "value": 75
              },
              {
                "color": "red",
                "value": 88
              }
            ]
          },
          "unit": "percentunit",
          "unitScale": true
        },
        "overrides": []
      },
      "gridPos": {
        "h": 2,
        "w": 3,
        "x": 9,
        "y": 1
      },
      "id": 64,
      "options": {
        "colorMode": "value",
        "graphMode": "area",
        "justifyMode": "auto",
        "orientation": "auto",
        "reduceOptions": {
          "calcs": [
            "lastNotNull"
          ],
          "fields": "",
          "values": false
        },
        "showPercentChange": false,
        "textMode": "auto",
        "wideLayout": true
      },
      "pluginVersion": "10.3.1",
      "targets": [
        {
          "datasource": {
            "type": "prometheus",
            "uid": "c3a5e98c-6e94-44b8-b894-ae05241051b7"
          },
          "editorMode": "code",
          "exemplar": false,
          "expr": "max(1 - cim_disk_freespace{instance=~\"$instance\"} / cim_disk_size{instance=~\"$instance\"})",
          "format": "time_series",
          "instant": false,
          "interval": "90s",
          "legendFormat": "DISKS",
          "range": true,
          "refId": "A"
        }
      ],
      "type": "stat"
    },
    {
      "datasource": {
        "type": "prometheus",
        "uid": "c3a5e98c-6e94-44b8-b894-ae05241051b7"
      },
      "fieldConfig": {
        "defaults": {
          "color": {
            "mode": "thresholds"
          },
          "links": [],
          "mappings": [],
          "max": 1,
          "min": 0,
          "thresholds": {
            "mode": "absolute",
            "steps": [
              {
                "color": "green",
                "value": null
              },
              {
                "color": "#EAB839",
                "value": 85
              },
              {
                "color": "red",
                "value": 95
              }
            ]
          },
          "unit": "percentunit",
          "unitScale": true
        },
        "overrides": []
      },
      "gridPos": {
        "h": 2,
        "w": 3,
        "x": 12,
        "y": 1
      },
      "id": 65,
      "options": {
        "colorMode": "value",
        "graphMode": "area",
        "justifyMode": "auto",
        "orientation": "auto",
        "reduceOptions": {
          "calcs": [],
          "fields": "",
          "values": false
        },
        "showPercentChange": false,
        "textMode": "auto",
        "wideLayout": true
      },
      "pluginVersion": "10.3.1",
      "targets": [
        {
          "datasource": {
            "type": "prometheus",
            "uid": "c3a5e98c-6e94-44b8-b894-ae05241051b7"
          },
          "editorMode": "code",
          "exemplar": false,
          "expr": "max(cim_pagefile_currentusage{instance=~\"$instance\"} / cim_pagefile_allocatedbasesize{instance=~\"$instance\"})",
          "format": "time_series",
          "instant": false,
          "interval": "90s",
          "legendFormat": "PAGEFILE",
          "range": true,
          "refId": "A"
        }
      ],
      "type": "stat"
    },
    {
      "datasource": {
        "type": "prometheus",
        "uid": "c3a5e98c-6e94-44b8-b894-ae05241051b7"
      },
      "fieldConfig": {
        "defaults": {
          "color": {
            "mode": "thresholds"
          },
          "custom": {
            "align": "auto",
            "cellOptions": {
              "type": "auto"
            },
            "filterable": false,
            "inspect": false
          },
          "mappings": [],
          "thresholds": {
            "mode": "absolute",
            "steps": [
              {
                "color": "green",
                "value": null
              },
              {
                "color": "red",
                "value": 80
              }
            ]
          },
          "unitScale": true
        },
        "overrides": [
          {
            "matcher": {
              "id": "byName",
              "options": "label"
            },
            "properties": [
              {
                "id": "custom.width",
                "value": 20
              }
            ]
          }
        ]
      },
      "gridPos": {
        "h": 2,
        "w": 4,
        "x": 15,
        "y": 1
      },
      "id": 131,
      "options": {
        "cellHeight": "sm",
        "footer": {
          "countRows": false,
          "fields": "",
          "reducer": [
            "sum"
          ],
          "show": false
        },
        "showHeader": false
      },
      "pluginVersion": "10.3.1",
      "targets": [
        {
          "datasource": {
            "type": "prometheus",
            "uid": "c3a5e98c-6e94-44b8-b894-ae05241051b7"
          },
          "disableTextWrap": false,
          "editorMode": "builder",
          "exemplar": false,
          "expr": "cim_os_lastbootuptime{instance=~\"$instance\"}",
          "fullMetaSearch": false,
          "includeNullMetadata": true,
          "instant": true,
          "legendFormat": "__auto",
          "range": false,
          "refId": "A",
          "useBackend": false
        }
      ],
      "transformations": [
        {
          "id": "labelsToFields",
          "options": {
            "keepLabels": [
              "role"
            ],
            "mode": "rows"
          }
        }
      ],
      "type": "table"
    }
  ],
  "refresh": "5m",
  "schemaVersion": 39,
  "tags": [],
  "templating": {
    "list": [
      {
        "current": {
          "selected": true,
          "text": [
            "control"
          ],
          "value": [
            "control"
          ]
        },
        "datasource": {
          "type": "prometheus",
          "uid": "c3a5e98c-6e94-44b8-b894-ae05241051b7"
        },
        "definition": "label_values(cim_os_lastbootuptime,layer)",
        "hide": 0,
        "includeAll": true,
        "label": "Layer",
        "multi": true,
        "name": "layer",
        "options": [],
        "query": {
          "query": "label_values(cim_os_lastbootuptime,layer)",
          "refId": "PrometheusVariableQueryEditor-VariableQuery"
        },
        "refresh": 1,
        "regex": "",
        "skipUrlSync": false,
        "sort": 0,
        "type": "query"
      },
      {
        "current": {
          "selected": true,
          "text": [
            "All"
          ],
          "value": [
            "$__all"
          ]
        },
        "datasource": {
          "type": "prometheus",
          "uid": "c3a5e98c-6e94-44b8-b894-ae05241051b7"
        },
        "definition": "label_values(cim_os_lastbootuptime{layer=~\"$layer\"},instance)",
        "hide": 0,
        "includeAll": true,
        "multi": true,
        "name": "instance",
        "options": [],
        "query": {
          "query": "label_values(cim_os_lastbootuptime{layer=~\"$layer\"},instance)",
          "refId": "PrometheusVariableQueryEditor-VariableQuery"
        },
        "refresh": 1,
        "regex": "",
        "skipUrlSync": false,
        "sort": 0,
        "type": "query"
      }
    ]
  },
  "time": {
    "from": "now-1h",
    "to": "now"
  },
  "timepicker": {},
  "timezone": "",
  "title": "Overview",
  "uid": "e28f7d21-1089-41a0-9786-265770929175",
  "version": 6,
  "weekStart": ""
}
