[
	{
		"object_type": "instance",
		"use": [
			"template_host",
			"template_snmp_net",
			"template_netscaler"
		],
		"name": "template_ns_mmm",
		"snmp_version":            { "Fn::ref": [ "resources.netscalers.snmp_version" ] },
		"snmp2_community":         { "Fn::ref": [ "resources.netscalers.snmp2_community" ] },
		"snmp3_security_level":    { "Fn::ref": [ "resources.netscalers.snmp3_security_level" ] },
		"snmp3_security_username": { "Fn::ref": [ "resources.netscalers.snmp3_security_username" ] },
		"snmp3_privacy_protocol":  { "Fn::ref": [ "resources.netscalers.snmp3_privacy_protocol" ] },
		"snmp3_privacy_password":  { "Fn::ref": [ "resources.netscalers.snmp3_privacy_password" ] },
		"snmp3_auth_protocol":     { "Fn::ref": [ "resources.netscalers.snmp3_auth_protocol" ] },
		"snmp3_auth_password":     { "Fn::ref": [ "resources.netscalers.snmp3_auth_password" ] },
		"register": false
	},
	{
		"register": true,
		"object_type": "instance",
		"use": "template_ns_mmm",
		"name": "nsvpxdmz02",
		"fqdn": "nsvpxdmz02.pr.mmmhc.com",
		"address": "172.30.2.22"
	},
	{
		"register": true,
		"object_type": "instance",
		"use": "template_ns_mmm",
		"name": "nsvpxdmz01",
		"fqdn": "nsvpxdmz01.pr.mmmhc.com",
		"address": "172.30.2.21"
	},
	{
		"register": true,
		"object_type": "instance",
		"use": "template_ns_mmm",
		"name": "nsvpxint01",
		"fqdn": "nsvpxint01.pr.mmmhc.com",
		"address": "172.30.2.23"
	},
	{
		"register": true,
		"object_type": "instance",
		"use": "template_ns_mmm",
		"name": "nsvpxint02",
		"fqdn": "nsvpxint02.pr.mmmhc.com",
		"address": "172.30.2.24"
	},
	{
		"register": true,
		"object_type": "instance",
		"use": "template_ns_mmm",
		"name": "3amtrak2a",
		"fqdn": "3amtrak2a.pr.mmmhc.com",
		"address": "192.168.255.17"
	},
	{
		"register": true,
		"object_type": "instance",
		"use": "template_ns_mmm",
		"name": "3amtrak2b",
		"fqdn": "3amtrak2b.pr.mmmhc.com",
		"address": "192.168.255.18"
	},
	{
		"register": true,
		"object_type": "instance",
		"use": "template_ns_mmm",
		"name": "nsvpxsj01",
		"fqdn": "nsvpxsj01.pr.mmmhc.com",
		"address": "10.30.250.21"
	},
	{
		"register": true,
		"object_type": "instance",
		"use": "template_ns_mmm",
		"name": "nsvpxsj02",
		"fqdn": "nsvpxsj02.pr.mmmhc.com",
		"address": "10.30.250.22"
	},
	{
		"register": true,
		"object_type": "instance",
		"use": "template_ns_mmm",
		"name": "3amtrak04a",
		"fqdn": "3amtrak04a.pr.mmmhc.com",
		"address": "10.30.45.31"
	},
	{
		"register": true,
		"object_type": "instance",
		"use": "template_ns_mmm",
		"name": "3amtrak04b",
		"fqdn": "3amtrak04b.pr.mmmhc.com",
		"address": "10.30.45.33"
	}
]
