{
  "annotations": {
    "list": [
      {
        "builtIn": 1,
        "datasource": {
          "type": "grafana",
          "uid": "-- Grafana --"
        },
        "enable": true,
        "hide": true,
        "iconColor": "rgba(0, 211, 255, 1)",
        "name": "Annotations & Alerts",
        "type": "dashboard"
      }
    ]
  },
  "editable": true,
  "fiscalYearStartMonth": 0,
  "graphTooltip": 0,
  "id": 99,
  "links": [
    {
      "asDropdown": false,
      "icon": "doc",
      "includeVars": false,
      "keepTime": false,
      "tags": [],
      "targetBlank": true,
      "title": "GitHub",
      "tooltip": "",
      "type": "link",
      "url": "https://github.com/czantoine/microsoft-sql-server-with-grafana/tree/main"
    }
  ],
  "panels": [
    {
      "collapsed": false,
      "gridPos": {
        "h": 1,
        "w": 24,
        "x": 0,
        "y": 0
      },
      "id": 49,
      "panels": [],
      "title": "General",
      "type": "row"
    },
    {
      "fieldConfig": {
        "defaults": {},
        "overrides": []
      },
      "gridPos": {
        "h": 6,
        "w": 4,
        "x": 0,
        "y": 1
      },
      "id": 48,
      "options": {
        "code": {
          "language": "plaintext",
          "showLineNumbers": false,
          "showMiniMap": false
        },
        "content": "\n<div>\n  <img style=\"height: 80%;width: 80%;display: block;margin: auto auto;\" src=\"https://www.svgrepo.com/show/303229/microsoft-sql-server-logo.svg\"/>\n</div>",
        "mode": "html"
      },
      "pluginVersion": "12.2.0-16979757807",
      "title": "",
      "type": "text"
    },
    {
      "datasource": {
        "type": "mssql",
        "uid": "${ds_citrixmonitor}"
      },
      "fieldConfig": {
        "defaults": {
          "mappings": [],
          "thresholds": {
            "mode": "absolute",
            "steps": [
              {
                "color": "green",
                "value": 0
              },
              {
                "color": "red",
                "value": 80
              }
            ]
          },
          "unit": "short"
        },
        "overrides": []
      },
      "gridPos": {
        "h": 3,
        "w": 4,
        "x": 4,
        "y": 1
      },
      "id": 47,
      "options": {
        "colorMode": "value",
        "graphMode": "area",
        "justifyMode": "auto",
        "orientation": "auto",
        "percentChangeColorMode": "standard",
        "reduceOptions": {
          "calcs": [],
          "fields": "/.*/",
          "values": true
        },
        "showPercentChange": false,
        "textMode": "value",
        "wideLayout": true
      },
      "pluginVersion": "12.2.0-16979757807",
      "targets": [
        {
          "dataset": "DemoDB",
          "datasource": {
            "type": "mssql",
            "uid": "${ds_citrixmonitor}"
          },
          "editorMode": "code",
          "format": "table",
          "rawQuery": true,
          "rawSql": "SELECT DB_NAME() AS DatabaseName;\n",
          "refId": "A",
          "sql": {
            "columns": [
              {
                "parameters": [],
                "type": "function"
              }
            ],
            "groupBy": [
              {
                "property": {
                  "type": "string"
                },
                "type": "groupBy"
              }
            ],
            "limit": 50
          }
        }
      ],
      "title": "",
      "type": "stat"
    },
    {
      "datasource": {
        "type": "mssql",
        "uid": "${ds_citrixmonitor}"
      },
      "fieldConfig": {
        "defaults": {
          "color": {
            "mode": "palette-classic"
          },
          "mappings": [],
          "thresholds": {
            "mode": "absolute",
            "steps": [
              {
                "color": "green",
                "value": 0
              },
              {
                "color": "red",
                "value": 80
              }
            ]
          }
        },
        "overrides": []
      },
      "gridPos": {
        "h": 6,
        "w": 16,
        "x": 8,
        "y": 1
      },
      "id": 31,
      "options": {
        "displayMode": "basic",
        "legend": {
          "calcs": [],
          "displayMode": "list",
          "placement": "bottom",
          "showLegend": false
        },
        "maxVizHeight": 135,
        "minVizHeight": 0,
        "minVizWidth": 0,
        "namePlacement": "auto",
        "orientation": "auto",
        "reduceOptions": {
          "calcs": [],
          "fields": "",
          "limit": 6,
          "values": true
        },
        "showUnfilled": true,
        "sizing": "manual",
        "text": {},
        "valueMode": "text"
      },
      "pluginVersion": "12.2.0-16979757807",
      "targets": [
        {
          "dataset": "_DBA",
          "datasource": {
            "type": "mssql",
            "uid": "${ds_citrixmonitor}"
          },
          "editorMode": "code",
          "format": "table",
          "rawQuery": true,
          "rawSql": "SELECT login_name AS LoginName,\n       COUNT(session_id) AS SessionCount\nFROM sys.dm_exec_sessions\nWHERE is_user_process = 1\nGROUP BY login_name\nORDER BY SessionCount DESC;\n",
          "refId": "A",
          "sql": {
            "columns": [
              {
                "parameters": [],
                "type": "function"
              }
            ],
            "groupBy": [
              {
                "property": {
                  "type": "string"
                },
                "type": "groupBy"
              }
            ],
            "limit": 50
          }
        }
      ],
      "title": "Active User Sessions",
      "type": "bargauge"
    },
    {
      "datasource": {
        "type": "mssql",
        "uid": "${ds_citrixmonitor}"
      },
      "fieldConfig": {
        "defaults": {
          "color": {
            "fixedColor": "green",
            "mode": "fixed"
          },
          "custom": {
            "align": "center",
            "cellOptions": {
              "type": "color-text"
            },
            "filterable": false,
            "inspect": false
          },
          "mappings": [],
          "thresholds": {
            "mode": "absolute",
            "steps": [
              {
                "color": "green",
                "value": 0
              },
              {
                "color": "red",
                "value": 80
              }
            ]
          },
          "unit": "date"
        },
        "overrides": []
      },
      "gridPos": {
        "h": 3,
        "w": 4,
        "x": 4,
        "y": 4
      },
      "id": 5,
      "options": {
        "cellHeight": "sm",
        "footer": {
          "countRows": false,
          "enablePagination": false,
          "fields": "",
          "reducer": [
            "lastNotNull"
          ],
          "show": false
        },
        "showHeader": false
      },
      "pluginVersion": "12.2.0-16979757807",
      "targets": [
        {
          "dataset": "DemoDB",
          "datasource": {
            "type": "mssql",
            "uid": "${ds_citrixmonitor}"
          },
          "editorMode": "code",
          "format": "table",
          "rawQuery": true,
          "rawSql": "SELECT sqlserver_start_time as 'SQL SERVER START TIME'\nFROM sys.dm_os_sys_info;\n",
          "refId": "A",
          "sql": {
            "columns": [
              {
                "parameters": [],
                "type": "function"
              }
            ],
            "groupBy": [
              {
                "property": {
                  "type": "string"
                },
                "type": "groupBy"
              }
            ],
            "limit": 50
          }
        }
      ],
      "title": "Uptime",
      "type": "table"
    },
    {
      "collapsed": false,
      "gridPos": {
        "h": 1,
        "w": 24,
        "x": 0,
        "y": 7
      },
      "id": 19,
      "panels": [],
      "title": "Server Performance",
      "type": "row"
    },
    {
      "datasource": {
        "type": "mssql",
        "uid": "${ds_citrixmonitor}"
      },
      "fieldConfig": {
        "defaults": {
          "mappings": [],
          "thresholds": {
            "mode": "absolute",
            "steps": [
              {
                "color": "green",
                "value": 0
              },
              {
                "color": "red",
                "value": 80
              }
            ]
          },
          "unit": "short"
        },
        "overrides": []
      },
      "gridPos": {
        "h": 4,
        "w": 8,
        "x": 0,
        "y": 8
      },
      "id": 38,
      "options": {
        "colorMode": "background",
        "graphMode": "none",
        "justifyMode": "auto",
        "orientation": "auto",
        "percentChangeColorMode": "standard",
        "reduceOptions": {
          "calcs": [
            "lastNotNull"
          ],
          "fields": "",
          "values": false
        },
        "showPercentChange": false,
        "textMode": "auto",
        "wideLayout": true
      },
      "pluginVersion": "12.2.0-16979757807",
      "targets": [
        {
          "dataset": "_DBA",
          "datasource": {
            "type": "mssql",
            "uid": "${ds_citrixmonitor}"
          },
          "editorMode": "code",
          "format": "table",
          "rawQuery": true,
          "rawSql": "SELECT TOP 10\n       creation_time AS CreationTime,\n       total_elapsed_time/1000 AS TotalElapsedTimeMS,\n       execution_count AS ExecutionCount,\n       total_worker_time/1000 AS CPUTimeMS\nFROM sys.dm_exec_query_stats\nORDER BY total_elapsed_time DESC;\n",
          "refId": "A",
          "sql": {
            "columns": [
              {
                "parameters": [],
                "type": "function"
              }
            ],
            "groupBy": [
              {
                "property": {
                  "type": "string"
                },
                "type": "groupBy"
              }
            ],
            "limit": 50
          }
        }
      ],
      "title": "Query Latency",
      "type": "stat"
    },
    {
      "datasource": {
        "type": "mssql",
        "uid": "${ds_citrixmonitor}"
      },
      "fieldConfig": {
        "defaults": {
          "color": {
            "mode": "continuous-BlYlRd"
          },
          "mappings": [],
          "thresholds": {
            "mode": "absolute",
            "steps": [
              {
                "color": "green",
                "value": 0
              },
              {
                "color": "red",
                "value": 80.0002
              }
            ]
          }
        },
        "overrides": []
      },
      "gridPos": {
        "h": 2,
        "w": 3,
        "x": 8,
        "y": 8
      },
      "id": 6,
      "options": {
        "displayMode": "lcd",
        "legend": {
          "calcs": [],
          "displayMode": "list",
          "placement": "bottom",
          "showLegend": false
        },
        "maxVizHeight": 300,
        "minVizHeight": 16,
        "minVizWidth": 8,
        "namePlacement": "auto",
        "orientation": "horizontal",
        "reduceOptions": {
          "calcs": [
            "lastNotNull"
          ],
          "fields": "",
          "values": false
        },
        "showUnfilled": true,
        "sizing": "auto",
        "valueMode": "color"
      },
      "pluginVersion": "12.2.0-16979757807",
      "targets": [
        {
          "dataset": "DemoDB",
          "datasource": {
            "type": "mssql",
            "uid": "${ds_citrixmonitor}"
          },
          "editorMode": "code",
          "format": "table",
          "rawQuery": true,
          "rawSql": "SELECT COUNT(*) AS Running_Threads\nFROM sys.dm_exec_requests\nWHERE status = 'running';\n",
          "refId": "A",
          "sql": {
            "columns": [
              {
                "parameters": [],
                "type": "function"
              }
            ],
            "groupBy": [
              {
                "property": {
                  "type": "string"
                },
                "type": "groupBy"
              }
            ],
            "limit": 50
          }
        }
      ],
      "title": "Running Threads",
      "type": "bargauge"
    },
    {
      "datasource": {
        "type": "mssql",
        "uid": "${ds_citrixmonitor}"
      },
      "fieldConfig": {
        "defaults": {
          "color": {
            "mode": "palette-classic"
          },
          "custom": {
            "axisBorderShow": false,
            "axisCenteredZero": false,
            "axisColorMode": "text",
            "axisLabel": "",
            "axisPlacement": "auto",
            "fillOpacity": 49,
            "gradientMode": "none",
            "hideFrom": {
              "legend": false,
              "tooltip": false,
              "viz": false
            },
            "lineWidth": 2,
            "scaleDistribution": {
              "type": "linear"
            },
            "thresholdsStyle": {
              "mode": "off"
            }
          },
          "mappings": [],
          "thresholds": {
            "mode": "absolute",
            "steps": [
              {
                "color": "green",
                "value": 0
              },
              {
                "color": "red",
                "value": 80
              }
            ]
          },
          "unit": "short"
        },
        "overrides": []
      },
      "gridPos": {
        "h": 15,
        "w": 13,
        "x": 11,
        "y": 8
      },
      "id": 9,
      "options": {
        "barRadius": 0,
        "barWidth": 0.9,
        "fullHighlight": false,
        "groupWidth": 0.7,
        "legend": {
          "calcs": [],
          "displayMode": "list",
          "placement": "bottom",
          "showLegend": true
        },
        "orientation": "horizontal",
        "showValue": "auto",
        "stacking": "normal",
        "tooltip": {
          "hideZeros": false,
          "mode": "single",
          "sort": "none"
        },
        "xTickLabelRotation": 0,
        "xTickLabelSpacing": 100
      },
      "pluginVersion": "12.2.0-16979757807",
      "targets": [
        {
          "dataset": "DemoDB",
          "datasource": {
            "type": "mssql",
            "uid": "${ds_citrixmonitor}"
          },
          "editorMode": "code",
          "format": "table",
          "rawQuery": true,
          "rawSql": "SELECT \n    request_session_id AS SessionID,\n    resource_database_id AS DatabaseID,\n    resource_associated_entity_id AS EntityID,\n    request_mode AS LockType,\n    request_status AS Status\nFROM sys.dm_tran_locks;\n",
          "refId": "A",
          "sql": {
            "columns": [
              {
                "parameters": [],
                "type": "function"
              }
            ],
            "groupBy": [
              {
                "property": {
                  "type": "string"
                },
                "type": "groupBy"
              }
            ],
            "limit": 50
          }
        }
      ],
      "title": "Table Locks",
      "type": "barchart"
    },
    {
      "datasource": {
        "type": "mssql",
        "uid": "${ds_citrixmonitor}"
      },
      "fieldConfig": {
        "defaults": {
          "color": {
            "mode": "continuous-BlYlRd"
          },
          "mappings": [],
          "thresholds": {
            "mode": "absolute",
            "steps": [
              {
                "color": "green",
                "value": 0
              },
              {
                "color": "red",
                "value": 80
              }
            ]
          }
        },
        "overrides": []
      },
      "gridPos": {
        "h": 2,
        "w": 3,
        "x": 8,
        "y": 10
      },
      "id": 12,
      "options": {
        "displayMode": "lcd",
        "legend": {
          "calcs": [],
          "displayMode": "list",
          "placement": "bottom",
          "showLegend": false
        },
        "maxVizHeight": 300,
        "minVizHeight": 16,
        "minVizWidth": 8,
        "namePlacement": "auto",
        "orientation": "horizontal",
        "reduceOptions": {
          "calcs": [
            "lastNotNull"
          ],
          "fields": "",
          "values": false
        },
        "showUnfilled": true,
        "sizing": "auto",
        "valueMode": "color"
      },
      "pluginVersion": "12.2.0-16979757807",
      "targets": [
        {
          "dataset": "DemoDB",
          "datasource": {
            "type": "mssql",
            "uid": "${ds_citrixmonitor}"
          },
          "editorMode": "code",
          "format": "table",
          "rawQuery": true,
          "rawSql": "SELECT \n    COUNT(*) AS OpenFiles\nFROM sys.dm_io_pending_io_requests;\n",
          "refId": "A",
          "sql": {
            "columns": [
              {
                "parameters": [],
                "type": "function"
              }
            ],
            "groupBy": [
              {
                "property": {
                  "type": "string"
                },
                "type": "groupBy"
              }
            ],
            "limit": 50
          }
        }
      ],
      "title": "Open Files Limit",
      "type": "bargauge"
    },
    {
      "datasource": {
        "type": "mssql",
        "uid": "${ds_citrixmonitor}"
      },
      "fieldConfig": {
        "defaults": {
          "mappings": [],
          "thresholds": {
            "mode": "percentage",
            "steps": [
              {
                "color": "green",
                "value": 0
              },
              {
                "color": "orange",
                "value": 70
              },
              {
                "color": "red",
                "value": 85
              }
            ]
          }
        },
        "overrides": []
      },
      "gridPos": {
        "h": 6,
        "w": 7,
        "x": 0,
        "y": 12
      },
      "id": 33,
      "options": {
        "minVizHeight": 75,
        "minVizWidth": 75,
        "orientation": "auto",
        "reduceOptions": {
          "calcs": [
            "lastNotNull"
          ],
          "fields": "",
          "values": false
        },
        "showThresholdLabels": false,
        "showThresholdMarkers": true,
        "sizing": "auto"
      },
      "pluginVersion": "12.2.0-16979757807",
      "targets": [
        {
          "dataset": "_DBA",
          "datasource": {
            "type": "mssql",
            "uid": "${ds_citrixmonitor}"
          },
          "editorMode": "code",
          "format": "table",
          "rawQuery": true,
          "rawSql": "SELECT transaction_id AS TransactionID,\n       transaction_begin_time AS BeginTime,\n       transaction_state AS State,\n       transaction_type AS Type\nFROM sys.dm_tran_active_transactions;\n",
          "refId": "A",
          "sql": {
            "columns": [
              {
                "parameters": [],
                "type": "function"
              }
            ],
            "groupBy": [
              {
                "property": {
                  "type": "string"
                },
                "type": "groupBy"
              }
            ],
            "limit": 50
          }
        }
      ],
      "title": "Active Transactions",
      "type": "gauge"
    },
    {
      "datasource": {
        "type": "mssql",
        "uid": "${ds_citrixmonitor}"
      },
      "fieldConfig": {
        "defaults": {
          "color": {
            "mode": "palette-classic"
          },
          "custom": {
            "hideFrom": {
              "legend": false,
              "tooltip": false,
              "viz": false
            }
          },
          "mappings": []
        },
        "overrides": []
      },
      "gridPos": {
        "h": 11,
        "w": 4,
        "x": 7,
        "y": 12
      },
      "id": 11,
      "options": {
        "displayLabels": [
          "percent",
          "name"
        ],
        "legend": {
          "calcs": [],
          "displayMode": "hidden",
          "placement": "right",
          "showLegend": false,
          "values": []
        },
        "pieType": "pie",
        "reduceOptions": {
          "calcs": [
            "lastNotNull"
          ],
          "fields": "",
          "values": false
        },
        "sort": "desc",
        "tooltip": {
          "hideZeros": false,
          "mode": "single",
          "sort": "none"
        }
      },
      "pluginVersion": "12.2.0-16979757807",
      "targets": [
        {
          "dataset": "DemoDB",
          "datasource": {
            "type": "mssql",
            "uid": "${ds_citrixmonitor}"
          },
          "editorMode": "code",
          "format": "table",
          "rawQuery": true,
          "rawSql": "SELECT \n    SUM(user_objects_alloc_page_count) AS 'User Object Pages',\n    SUM(internal_objects_alloc_page_count) AS 'Internal Object Pages'\nFROM sys.dm_db_session_space_usage;\n",
          "refId": "A",
          "sql": {
            "columns": [
              {
                "parameters": [],
                "type": "function"
              }
            ],
            "groupBy": [
              {
                "property": {
                  "type": "string"
                },
                "type": "groupBy"
              }
            ],
            "limit": 50
          }
        }
      ],
      "title": "Temp Tables Created On Disk",
      "type": "piechart"
    },
    {
      "datasource": {
        "type": "mssql",
        "uid": "${ds_citrixmonitor}"
      },
      "fieldConfig": {
        "defaults": {
          "color": {
            "mode": "continuous-GrYlRd"
          },
          "mappings": [],
          "thresholds": {
            "mode": "absolute",
            "steps": [
              {
                "color": "green",
                "value": 0
              },
              {
                "color": "red",
                "value": 80
              }
            ]
          }
        },
        "overrides": []
      },
      "gridPos": {
        "h": 5,
        "w": 7,
        "x": 0,
        "y": 18
      },
      "id": 40,
      "options": {
        "displayMode": "lcd",
        "legend": {
          "calcs": [],
          "displayMode": "list",
          "placement": "bottom",
          "showLegend": false
        },
        "maxVizHeight": 300,
        "minVizHeight": 16,
        "minVizWidth": 8,
        "namePlacement": "auto",
        "orientation": "horizontal",
        "reduceOptions": {
          "calcs": [
            "lastNotNull"
          ],
          "fields": "",
          "values": false
        },
        "showUnfilled": true,
        "sizing": "auto",
        "valueMode": "color"
      },
      "pluginVersion": "12.2.0-16979757807",
      "targets": [
        {
          "dataset": "_DBA",
          "datasource": {
            "type": "mssql",
            "uid": "${ds_citrixmonitor}"
          },
          "editorMode": "code",
          "format": "table",
          "rawQuery": true,
          "rawSql": "SELECT wait_type, \n       SUM(wait_time_ms) AS WaitTimeMS, \n       SUM(waiting_tasks_count) AS TaskCount\nFROM sys.dm_os_wait_stats\nWHERE wait_type NOT IN ('SLEEP_TASK', 'BROKER_TASK_STOP', 'SQLTRACE_BUFFER_FLUSH')\nGROUP BY wait_type\nORDER BY WaitTimeMS DESC;\n",
          "refId": "A",
          "sql": {
            "columns": [
              {
                "parameters": [],
                "type": "function"
              }
            ],
            "groupBy": [
              {
                "property": {
                  "type": "string"
                },
                "type": "groupBy"
              }
            ],
            "limit": 50
          }
        }
      ],
      "title": "Wait Times Monitoring",
      "type": "bargauge"
    },
    {
      "collapsed": false,
      "gridPos": {
        "h": 1,
        "w": 24,
        "x": 0,
        "y": 23
      },
      "id": 21,
      "panels": [],
      "title": "Database ResourceUsage",
      "type": "row"
    },
    {
      "datasource": {
        "type": "mssql",
        "uid": "${ds_citrixmonitor}"
      },
      "description": "modify the max with the size of your disk associated with the database",
      "fieldConfig": {
        "defaults": {
          "color": {
            "mode": "continuous-GrYlRd"
          },
          "mappings": [],
          "max": 500000,
          "min": 0,
          "thresholds": {
            "mode": "absolute",
            "steps": [
              {
                "color": "green",
                "value": 0
              },
              {
                "color": "red",
                "value": 80
              }
            ]
          },
          "unit": "decmbytes"
        },
        "overrides": []
      },
      "gridPos": {
        "h": 5,
        "w": 3,
        "x": 0,
        "y": 24
      },
      "id": 16,
      "options": {
        "displayMode": "lcd",
        "legend": {
          "calcs": [],
          "displayMode": "list",
          "placement": "bottom",
          "showLegend": false
        },
        "maxVizHeight": 300,
        "minVizHeight": 16,
        "minVizWidth": 8,
        "namePlacement": "auto",
        "orientation": "vertical",
        "reduceOptions": {
          "calcs": [
            "lastNotNull"
          ],
          "fields": "/^TotalSpaceMB$/",
          "values": false
        },
        "showUnfilled": true,
        "sizing": "auto",
        "valueMode": "color"
      },
      "pluginVersion": "12.2.0-16979757807",
      "targets": [
        {
          "dataset": "DemoDB",
          "datasource": {
            "type": "mssql",
            "uid": "${ds_citrixmonitor}"
          },
          "editorMode": "code",
          "format": "table",
          "rawQuery": true,
          "rawSql": "SELECT \n    ISNULL(t.NAME, 'Total') AS TableName,\n    ISNULL(s.NAME, '') AS SchemaName,\n    CAST(ROUND(((SUM(a.total_pages) * 8) / 1024.0), 2) AS DECIMAL(18, 2)) AS TotalSpaceMB\nFROM \n    sys.tables t\nINNER JOIN      \n    sys.indexes i ON t.OBJECT_ID = i.object_id\nINNER JOIN \n    sys.partitions p ON i.object_id = p.OBJECT_ID AND i.index_id = p.index_id\nINNER JOIN \n    sys.allocation_units a ON p.partition_id = a.container_id\nINNER JOIN \n    sys.schemas s ON t.schema_id = s.schema_id\nGROUP BY \n    ROLLUP(t.Name, s.Name)\nORDER BY \n    CASE WHEN t.Name IS NULL THEN 1 ELSE 0 END,\n    TotalSpaceMB DESC;\n",
          "refId": "A",
          "sql": {
            "columns": [
              {
                "parameters": [],
                "type": "function"
              }
            ],
            "groupBy": [
              {
                "property": {
                  "type": "string"
                },
                "type": "groupBy"
              }
            ],
            "limit": 50
          }
        }
      ],
      "title": "Total Space MB",
      "type": "bargauge"
    },
    {
      "datasource": {
        "type": "mssql",
        "uid": "${ds_citrixmonitor}"
      },
      "description": "modify the max with the size of your disk associated with the database",
      "fieldConfig": {
        "defaults": {
          "color": {
            "mode": "continuous-GrYlRd"
          },
          "mappings": [],
          "max": 500000,
          "min": 0,
          "thresholds": {
            "mode": "absolute",
            "steps": [
              {
                "color": "green",
                "value": 0
              },
              {
                "color": "red",
                "value": 80
              }
            ]
          },
          "unit": "decmbytes"
        },
        "overrides": []
      },
      "gridPos": {
        "h": 5,
        "w": 3,
        "x": 3,
        "y": 24
      },
      "id": 17,
      "options": {
        "displayMode": "lcd",
        "legend": {
          "calcs": [],
          "displayMode": "list",
          "placement": "bottom",
          "showLegend": false
        },
        "maxVizHeight": 300,
        "minVizHeight": 16,
        "minVizWidth": 8,
        "namePlacement": "auto",
        "orientation": "vertical",
        "reduceOptions": {
          "calcs": [
            "lastNotNull"
          ],
          "fields": "",
          "values": false
        },
        "showUnfilled": true,
        "sizing": "auto",
        "valueMode": "color"
      },
      "pluginVersion": "12.2.0-16979757807",
      "targets": [
        {
          "dataset": "DemoDB",
          "datasource": {
            "type": "mssql",
            "uid": "${ds_citrixmonitor}"
          },
          "editorMode": "code",
          "format": "table",
          "rawQuery": true,
          "rawSql": "SELECT \n    ISNULL(t.NAME, 'Total') AS TableName,\n    ISNULL(s.NAME, '') AS SchemaName,\n    CAST(ROUND(((SUM(a.used_pages) * 8) / 1024.0), 2) AS DECIMAL(18, 2)) AS UsedSpaceMB\nFROM \n    sys.tables t\nINNER JOIN      \n    sys.indexes i ON t.OBJECT_ID = i.object_id\nINNER JOIN \n    sys.partitions p ON i.object_id = p.OBJECT_ID AND i.index_id = p.index_id\nINNER JOIN \n    sys.allocation_units a ON p.partition_id = a.container_id\nINNER JOIN \n    sys.schemas s ON t.schema_id = s.schema_id\nGROUP BY \n    ROLLUP(t.Name, s.Name)\nORDER BY \n    CASE WHEN t.Name IS NULL THEN 1 ELSE 0 END,\n    UsedSpaceMB DESC;\n",
          "refId": "A",
          "sql": {
            "columns": [
              {
                "parameters": [],
                "type": "function"
              }
            ],
            "groupBy": [
              {
                "property": {
                  "type": "string"
                },
                "type": "groupBy"
              }
            ],
            "limit": 50
          }
        }
      ],
      "title": "Used Space MB",
      "type": "bargauge"
    },
    {
      "datasource": {
        "type": "mssql",
        "uid": "${ds_citrixmonitor}"
      },
      "fieldConfig": {
        "defaults": {
          "color": {
            "mode": "palette-classic"
          },
          "custom": {
            "axisBorderShow": false,
            "axisCenteredZero": false,
            "axisColorMode": "text",
            "axisLabel": "",
            "axisPlacement": "auto",
            "fillOpacity": 80,
            "gradientMode": "none",
            "hideFrom": {
              "legend": false,
              "tooltip": false,
              "viz": false
            },
            "lineWidth": 1,
            "scaleDistribution": {
              "type": "linear"
            },
            "thresholdsStyle": {
              "mode": "off"
            }
          },
          "fieldMinMax": false,
          "mappings": [],
          "thresholds": {
            "mode": "absolute",
            "steps": [
              {
                "color": "green",
                "value": 0
              },
              {
                "color": "red",
                "value": 80
              }
            ]
          },
          "unit": "decmbytes"
        },
        "overrides": []
      },
      "gridPos": {
        "h": 8,
        "w": 18,
        "x": 6,
        "y": 24
      },
      "id": 24,
      "options": {
        "barRadius": 0,
        "barWidth": 0.97,
        "fullHighlight": false,
        "groupWidth": 0.7,
        "legend": {
          "calcs": [],
          "displayMode": "list",
          "placement": "bottom",
          "showLegend": true
        },
        "orientation": "horizontal",
        "showValue": "never",
        "stacking": "normal",
        "tooltip": {
          "hideZeros": false,
          "mode": "single",
          "sort": "none"
        },
        "xTickLabelRotation": 0,
        "xTickLabelSpacing": 100
      },
      "pluginVersion": "12.2.0-16979757807",
      "targets": [
        {
          "datasource": {
            "type": "mssql",
            "uid": "${ds_citrixmonitor}"
          },
          "editorMode": "code",
          "format": "table",
          "rawQuery": true,
          "rawSql": "dbcc sqlperf (logspace)",
          "refId": "A",
          "sql": {
            "columns": [
              {
                "parameters": [],
                "type": "function"
              }
            ],
            "groupBy": [
              {
                "property": {
                  "type": "string"
                },
                "type": "groupBy"
              }
            ],
            "limit": 50
          }
        }
      ],
      "title": "Transaction Log Space Usage",
      "type": "barchart"
    },
    {
      "datasource": {
        "type": "mssql",
        "uid": "${ds_citrixmonitor}"
      },
      "description": "modify the max with the size of your disk associated with the database",
      "fieldConfig": {
        "defaults": {
          "color": {
            "mode": "continuous-GrYlRd"
          },
          "mappings": [],
          "max": 500000,
          "min": 0,
          "thresholds": {
            "mode": "absolute",
            "steps": [
              {
                "color": "green"
              },
              {
                "color": "yellow",
                "value": 80
              },
              {
                "color": "orange",
                "value": 90
              },
              {
                "color": "red",
                "value": 100
              }
            ]
          },
          "unit": "decmbytes"
        },
        "overrides": []
      },
      "gridPos": {
        "h": 5,
        "w": 3,
        "x": 0,
        "y": 29
      },
      "id": 18,
      "options": {
        "displayMode": "lcd",
        "legend": {
          "calcs": [],
          "displayMode": "list",
          "placement": "bottom",
          "showLegend": false
        },
        "maxVizHeight": 300,
        "minVizHeight": 16,
        "minVizWidth": 8,
        "namePlacement": "auto",
        "orientation": "vertical",
        "reduceOptions": {
          "calcs": [
            "lastNotNull"
          ],
          "fields": "",
          "values": false
        },
        "showUnfilled": true,
        "sizing": "auto",
        "valueMode": "color"
      },
      "pluginVersion": "12.0.2",
      "targets": [
        {
          "dataset": "DemoDB",
          "datasource": {
            "type": "mssql",
            "uid": "${ds_citrixmonitor}"
          },
          "editorMode": "code",
          "format": "table",
          "rawQuery": true,
          "rawSql": "SELECT \n    ISNULL(t.NAME, 'Total') AS TableName,\n    ISNULL(s.NAME, '') AS SchemaName,\n    CAST(ROUND(((SUM(a.total_pages - a.used_pages) * 8) / 1024.0  * 100), 2) AS DECIMAL(18, 2)) AS UnusedSpaceMB\nFROM \n    sys.tables t\nINNER JOIN      \n    sys.indexes i ON t.OBJECT_ID = i.object_id\nINNER JOIN \n    sys.partitions p ON i.object_id = p.OBJECT_ID AND i.index_id = p.index_id\nINNER JOIN \n    sys.allocation_units a ON p.partition_id = a.container_id\nINNER JOIN \n    sys.schemas s ON t.schema_id = s.schema_id\nGROUP BY \n    ROLLUP(t.Name, s.Name)\nORDER BY \n    CASE WHEN t.Name IS NULL THEN 1 ELSE 0 END,\n    UnusedSpaceMB DESC;\n",
          "refId": "A",
          "sql": {
            "columns": [
              {
                "parameters": [],
                "type": "function"
              }
            ],
            "groupBy": [
              {
                "property": {
                  "type": "string"
                },
                "type": "groupBy"
              }
            ],
            "limit": 50
          }
        }
      ],
      "title": "Unused Space MB",
      "type": "bargauge"
    },
    {
      "datasource": {
        "type": "mssql",
        "uid": "${ds_citrixmonitor}"
      },
      "fieldConfig": {
        "defaults": {
          "mappings": [],
          "thresholds": {
            "mode": "percentage",
            "steps": [
              {
                "color": "green"
              },
              {
                "color": "orange",
                "value": 70
              },
              {
                "color": "red",
                "value": 85
              }
            ]
          }
        },
        "overrides": []
      },
      "gridPos": {
        "h": 5,
        "w": 3,
        "x": 3,
        "y": 29
      },
      "id": 36,
      "options": {
        "minVizHeight": 75,
        "minVizWidth": 75,
        "orientation": "auto",
        "reduceOptions": {
          "calcs": [
            "lastNotNull"
          ],
          "fields": "",
          "values": false
        },
        "showThresholdLabels": false,
        "showThresholdMarkers": true,
        "sizing": "auto"
      },
      "pluginVersion": "12.0.2",
      "targets": [
        {
          "dataset": "_DBA",
          "datasource": {
            "type": "mssql",
            "uid": "${ds_citrixmonitor}"
          },
          "editorMode": "code",
          "format": "table",
          "rawQuery": true,
          "rawSql": "SELECT COUNT(*) AS MemoryGrantsPending\nFROM sys.dm_exec_query_memory_grants\nWHERE grant_time IS NULL;\n",
          "refId": "A",
          "sql": {
            "columns": [
              {
                "parameters": [],
                "type": "function"
              }
            ],
            "groupBy": [
              {
                "property": {
                  "type": "string"
                },
                "type": "groupBy"
              }
            ],
            "limit": 50
          }
        }
      ],
      "title": "Memory Grants Pending",
      "type": "gauge"
    },
    {
      "datasource": {
        "type": "mssql",
        "uid": "${ds_citrixmonitor}"
      },
      "fieldConfig": {
        "defaults": {
          "color": {
            "mode": "palette-classic"
          },
          "custom": {
            "hideFrom": {
              "legend": false,
              "tooltip": false,
              "viz": false
            }
          },
          "fieldMinMax": false,
          "mappings": []
        },
        "overrides": []
      },
      "gridPos": {
        "h": 7,
        "w": 4,
        "x": 6,
        "y": 32
      },
      "id": 34,
      "options": {
        "displayLabels": [
          "percent"
        ],
        "legend": {
          "calcs": [],
          "displayMode": "list",
          "placement": "bottom",
          "showLegend": true,
          "values": []
        },
        "pieType": "pie",
        "reduceOptions": {
          "calcs": [
            "lastNotNull"
          ],
          "fields": "",
          "values": true
        },
        "tooltip": {
          "hideZeros": false,
          "mode": "single",
          "sort": "desc"
        }
      },
      "pluginVersion": "12.0.2",
      "targets": [
        {
          "dataset": "_DBA",
          "datasource": {
            "type": "mssql",
            "uid": "${ds_citrixmonitor}"
          },
          "editorMode": "code",
          "format": "table",
          "rawQuery": true,
          "rawSql": "SELECT name AS FileName,\n       size/128 AS FileSizeMB,\n       physical_name AS PhysicalName\nFROM sys.master_files;\n",
          "refId": "A",
          "sql": {
            "columns": [
              {
                "parameters": [],
                "type": "function"
              }
            ],
            "groupBy": [
              {
                "property": {
                  "type": "string"
                },
                "type": "groupBy"
              }
            ],
            "limit": 50
          }
        }
      ],
      "title": "Database File Usage",
      "type": "piechart"
    },
    {
      "datasource": {
        "type": "mssql",
        "uid": "${ds_citrixmonitor}"
      },
      "fieldConfig": {
        "defaults": {
          "custom": {
            "align": "center",
            "cellOptions": {
              "type": "auto"
            },
            "inspect": false
          },
          "mappings": [],
          "thresholds": {
            "mode": "absolute",
            "steps": [
              {
                "color": "green"
              },
              {
                "color": "yellow",
                "value": 40
              },
              {
                "color": "orange",
                "value": 70
              },
              {
                "color": "red",
                "value": 90
              }
            ]
          }
        },
        "overrides": [
          {
            "matcher": {
              "id": "byName",
              "options": "database_name"
            },
            "properties": [
              {
                "id": "custom.align",
                "value": "auto"
              }
            ]
          },
          {
            "matcher": {
              "id": "byName",
              "options": "backup_start_date"
            },
            "properties": [
              {
                "id": "custom.width",
                "value": 200
              }
            ]
          },
          {
            "matcher": {
              "id": "byName",
              "options": "backup_finish_date"
            },
            "properties": [
              {
                "id": "custom.width",
                "value": 203
              }
            ]
          },
          {
            "matcher": {
              "id": "byName",
              "options": "BackupSizeMB"
            },
            "properties": [
              {
                "id": "custom.width",
                "value": 150
              },
              {
                "id": "custom.cellOptions",
                "value": {
                  "type": "color-background"
                }
              }
            ]
          }
        ]
      },
      "gridPos": {
        "h": 7,
        "w": 10,
        "x": 10,
        "y": 32
      },
      "id": 43,
      "options": {
        "cellHeight": "sm",
        "footer": {
          "countRows": false,
          "fields": "",
          "reducer": [
            "sum"
          ],
          "show": false
        },
        "showHeader": true
      },
      "pluginVersion": "12.0.2",
      "targets": [
        {
          "dataset": "_DBA",
          "datasource": {
            "type": "mssql",
            "uid": "${ds_citrixmonitor}"
          },
          "editorMode": "code",
          "format": "table",
          "rawQuery": true,
          "rawSql": "SELECT database_name, \n       backup_start_date, \n       backup_finish_date, \n       backup_size / 1024 / 1024 AS BackupSizeMB\nFROM msdb.dbo.backupset\nORDER BY backup_start_date DESC;\n",
          "refId": "A",
          "sql": {
            "columns": [
              {
                "parameters": [],
                "type": "function"
              }
            ],
            "groupBy": [
              {
                "property": {
                  "type": "string"
                },
                "type": "groupBy"
              }
            ],
            "limit": 50
          }
        }
      ],
      "title": "Backup Status",
      "type": "table"
    },
    {
      "datasource": {
        "type": "mssql",
        "uid": "${ds_citrixmonitor}"
      },
      "fieldConfig": {
        "defaults": {
          "color": {
            "mode": "thresholds"
          },
          "mappings": [],
          "max": 5000000000,
          "min": 0,
          "thresholds": {
            "mode": "percentage",
            "steps": [
              {
                "color": "green"
              },
              {
                "color": "orange",
                "value": 70
              },
              {
                "color": "red",
                "value": 85
              }
            ]
          }
        },
        "overrides": []
      },
      "gridPos": {
        "h": 7,
        "w": 4,
        "x": 20,
        "y": 32
      },
      "id": 15,
      "options": {
        "minVizHeight": 75,
        "minVizWidth": 75,
        "orientation": "auto",
        "reduceOptions": {
          "calcs": [
            "lastNotNull"
          ],
          "fields": "",
          "values": false
        },
        "showThresholdLabels": false,
        "showThresholdMarkers": true,
        "sizing": "auto"
      },
      "pluginVersion": "12.0.2",
      "targets": [
        {
          "dataset": "DemoDB",
          "datasource": {
            "type": "mssql",
            "uid": "${ds_citrixmonitor}"
          },
          "editorMode": "code",
          "format": "table",
          "rawQuery": true,
          "rawSql": "SELECT \n    ISNULL(t.NAME, 'Total') AS TableName,\n    ISNULL(s.NAME, '') AS SchemaName,\n    SUM(p.rows) AS RowCounts\nFROM \n    sys.tables t\nINNER JOIN      \n    sys.indexes i ON t.OBJECT_ID = i.object_id\nINNER JOIN \n    sys.partitions p ON i.object_id = p.OBJECT_ID AND i.index_id = p.index_id\nINNER JOIN \n    sys.schemas s ON t.schema_id = s.schema_id\nGROUP BY \n    ROLLUP(t.Name, s.Name)\nORDER BY \n    CASE WHEN t.Name IS NULL THEN 1 ELSE 0 END,\n    RowCounts DESC;\n",
          "refId": "A",
          "sql": {
            "columns": [
              {
                "parameters": [],
                "type": "function"
              }
            ],
            "groupBy": [
              {
                "property": {
                  "type": "string"
                },
                "type": "groupBy"
              }
            ],
            "limit": 50
          }
        }
      ],
      "title": "Row Count",
      "type": "gauge"
    },
    {
      "datasource": {
        "type": "mssql",
        "uid": "${ds_citrixmonitor}"
      },
      "fieldConfig": {
        "defaults": {
          "mappings": [],
          "thresholds": {
            "mode": "percentage",
            "steps": [
              {
                "color": "green"
              },
              {
                "color": "orange",
                "value": 70
              },
              {
                "color": "red",
                "value": 85
              }
            ]
          }
        },
        "overrides": []
      },
      "gridPos": {
        "h": 5,
        "w": 6,
        "x": 0,
        "y": 34
      },
      "id": 10,
      "options": {
        "minVizHeight": 75,
        "minVizWidth": 75,
        "orientation": "auto",
        "reduceOptions": {
          "calcs": [
            "lastNotNull"
          ],
          "fields": "",
          "values": false
        },
        "showThresholdLabels": false,
        "showThresholdMarkers": true,
        "sizing": "auto"
      },
      "pluginVersion": "12.0.2",
      "targets": [
        {
          "dataset": "DemoDB",
          "datasource": {
            "type": "mssql",
            "uid": "${ds_citrixmonitor}"
          },
          "editorMode": "code",
          "format": "table",
          "rawQuery": true,
          "rawSql": "SELECT \n    request_session_id AS 'Session ID',\n    resource_database_id AS 'Database ID',\n    resource_associated_entity_id AS 'Entity ID',\n    request_mode AS LockType,\n    request_status AS Status\nFROM sys.dm_tran_locks;\n",
          "refId": "A",
          "sql": {
            "columns": [
              {
                "parameters": [],
                "type": "function"
              }
            ],
            "groupBy": [
              {
                "property": {
                  "type": "string"
                },
                "type": "groupBy"
              }
            ],
            "limit": 50
          }
        }
      ],
      "title": "Table Locks",
      "type": "gauge"
    },
    {
      "datasource": {
        "type": "mssql",
        "uid": "${ds_citrixmonitor}"
      },
      "fieldConfig": {
        "defaults": {
          "color": {
            "mode": "continuous-GrYlRd"
          },
          "mappings": [],
          "thresholds": {
            "mode": "absolute",
            "steps": [
              {
                "color": "green"
              },
              {
                "color": "red",
                "value": 80
              }
            ]
          }
        },
        "overrides": []
      },
      "gridPos": {
        "h": 8,
        "w": 11,
        "x": 0,
        "y": 39
      },
      "id": 44,
      "options": {
        "displayMode": "lcd",
        "legend": {
          "calcs": [],
          "displayMode": "list",
          "placement": "bottom",
          "showLegend": false
        },
        "maxVizHeight": 300,
        "minVizHeight": 16,
        "minVizWidth": 8,
        "namePlacement": "auto",
        "orientation": "horizontal",
        "reduceOptions": {
          "calcs": [
            "lastNotNull"
          ],
          "fields": "",
          "values": false
        },
        "showUnfilled": true,
        "sizing": "auto",
        "valueMode": "color"
      },
      "pluginVersion": "12.0.2",
      "targets": [
        {
          "dataset": "_DBA",
          "datasource": {
            "type": "mssql",
            "uid": "${ds_citrixmonitor}"
          },
          "editorMode": "code",
          "format": "table",
          "rawQuery": true,
          "rawSql": "SELECT total_physical_memory_kb, \n       available_physical_memory_kb, \n       total_page_file_kb, \n       available_page_file_kb\nFROM sys.dm_os_sys_memory;\n",
          "refId": "A",
          "sql": {
            "columns": [
              {
                "parameters": [],
                "type": "function"
              }
            ],
            "groupBy": [
              {
                "property": {
                  "type": "string"
                },
                "type": "groupBy"
              }
            ],
            "limit": 50
          }
        }
      ],
      "title": "Memory Usage",
      "type": "bargauge"
    },
    {
      "datasource": {
        "type": "mssql",
        "uid": "${ds_citrixmonitor}"
      },
      "fieldConfig": {
        "defaults": {
          "color": {
            "mode": "continuous-GrYlRd"
          },
          "mappings": [],
          "thresholds": {
            "mode": "absolute",
            "steps": [
              {
                "color": "green"
              },
              {
                "color": "red",
                "value": 80
              }
            ]
          }
        },
        "overrides": []
      },
      "gridPos": {
        "h": 8,
        "w": 13,
        "x": 11,
        "y": 39
      },
      "id": 41,
      "options": {
        "displayMode": "lcd",
        "legend": {
          "calcs": [],
          "displayMode": "list",
          "placement": "bottom",
          "showLegend": false
        },
        "maxVizHeight": 300,
        "minVizHeight": 16,
        "minVizWidth": 8,
        "namePlacement": "auto",
        "orientation": "horizontal",
        "reduceOptions": {
          "calcs": [
            "lastNotNull"
          ],
          "fields": "",
          "values": false
        },
        "showUnfilled": true,
        "sizing": "auto",
        "valueMode": "color"
      },
      "pluginVersion": "12.0.2",
      "targets": [
        {
          "dataset": "_DBA",
          "datasource": {
            "type": "mssql",
            "uid": "${ds_citrixmonitor}"
          },
          "editorMode": "code",
          "format": "table",
          "rawQuery": true,
          "rawSql": "SELECT database_id, \n       file_id, \n       io_stall_read_ms AS DiskReadStall, \n       io_stall_write_ms AS DiskWriteStall, \n       num_of_reads, \n       num_of_writes\nFROM sys.dm_io_virtual_file_stats (2, NULL);\n",
          "refId": "A",
          "sql": {
            "columns": [
              {
                "parameters": [],
                "type": "function"
              }
            ],
            "groupBy": [
              {
                "property": {
                  "type": "string"
                },
                "type": "groupBy"
              }
            ],
            "limit": 50
          }
        }
      ],
      "title": "TempDB Disk Monitoring",
      "type": "bargauge"
    },
    {
      "collapsed": false,
      "gridPos": {
        "h": 1,
        "w": 24,
        "x": 0,
        "y": 47
      },
      "id": 45,
      "panels": [],
      "title": "Jobs Monitoring",
      "type": "row"
    },
    {
      "datasource": {
        "type": "mssql",
        "uid": "${ds_citrixmonitor}"
      },
      "description": "Last 7 days",
      "fieldConfig": {
        "defaults": {
          "color": {
            "mode": "continuous-GrYlRd"
          },
          "mappings": [],
          "thresholds": {
            "mode": "absolute",
            "steps": [
              {
                "color": "green"
              },
              {
                "color": "red",
                "value": 80
              }
            ]
          }
        },
        "overrides": []
      },
      "gridPos": {
        "h": 12,
        "w": 4,
        "x": 0,
        "y": 48
      },
      "id": 30,
      "options": {
        "displayMode": "gradient",
        "legend": {
          "calcs": [],
          "displayMode": "list",
          "placement": "bottom",
          "showLegend": false
        },
        "maxVizHeight": 63,
        "minVizHeight": 1,
        "minVizWidth": 8,
        "namePlacement": "top",
        "orientation": "horizontal",
        "reduceOptions": {
          "calcs": [],
          "fields": "",
          "values": true
        },
        "showUnfilled": true,
        "sizing": "auto",
        "text": {
          "titleSize": 13,
          "valueSize": 15
        },
        "valueMode": "color"
      },
      "pluginVersion": "12.0.2",
      "targets": [
        {
          "dataset": "_DBA",
          "datasource": {
            "type": "mssql",
            "uid": "${ds_citrixmonitor}"
          },
          "editorMode": "code",
          "format": "table",
          "rawQuery": true,
          "rawSql": "SELECT job.name AS JobName,\n       COUNT(run.run_date) AS ExecutionCount\nFROM msdb.dbo.sysjobs AS job\nINNER JOIN msdb.dbo.sysjobhistory AS run\nON job.job_id = run.job_id\nWHERE run.run_date >= CONVERT(VARCHAR, GETDATE() - 7, 112)  -- Last 7 days\nGROUP BY job.name\nORDER BY ExecutionCount DESC\n",
          "refId": "A",
          "sql": {
            "columns": [
              {
                "parameters": [],
                "type": "function"
              }
            ],
            "groupBy": [
              {
                "property": {
                  "type": "string"
                },
                "type": "groupBy"
              }
            ],
            "limit": 50
          }
        }
      ],
      "title": "Job Execution Frequency",
      "type": "bargauge"
    },
    {
      "datasource": {
        "type": "mssql",
        "uid": "${ds_citrixmonitor}"
      },
      "fieldConfig": {
        "defaults": {
          "custom": {
            "align": "center",
            "cellOptions": {
              "type": "auto"
            },
            "inspect": false
          },
          "mappings": [],
          "noValue": "No Jobs running",
          "thresholds": {
            "mode": "absolute",
            "steps": [
              {
                "color": "green"
              },
              {
                "color": "yellow",
                "value": 20
              },
              {
                "color": "orange",
                "value": 45
              },
              {
                "color": "red",
                "value": 70
              }
            ]
          }
        },
        "overrides": [
          {
            "matcher": {
              "id": "byName",
              "options": "RunDurationSeconds"
            },
            "properties": [
              {
                "id": "unit",
                "value": "dtdurations"
              },
              {
                "id": "custom.cellOptions",
                "value": {
                  "type": "color-background"
                }
              }
            ]
          },
          {
            "matcher": {
              "id": "byName",
              "options": "RunDurationSeconds"
            },
            "properties": [
              {
                "id": "custom.width",
                "value": 120
              }
            ]
          },
          {
            "matcher": {
              "id": "byName",
              "options": "StartTime"
            },
            "properties": [
              {
                "id": "custom.width",
                "value": 200
              }
            ]
          },
          {
            "matcher": {
              "id": "byName",
              "options": "JobName"
            },
            "properties": [
              {
                "id": "custom.width",
                "value": 250
              }
            ]
          },
          {
            "matcher": {
              "id": "byName",
              "options": "JobName"
            },
            "properties": [
              {
                "id": "custom.align",
                "value": "auto"
              }
            ]
          }
        ]
      },
      "gridPos": {
        "h": 3,
        "w": 8,
        "x": 4,
        "y": 48
      },
      "id": 46,
      "options": {
        "cellHeight": "sm",
        "footer": {
          "countRows": false,
          "fields": "",
          "reducer": [
            "sum"
          ],
          "show": false
        },
        "showHeader": false
      },
      "pluginVersion": "12.0.2",
      "targets": [
        {
          "dataset": "_DBA",
          "datasource": {
            "type": "mssql",
            "uid": "${ds_citrixmonitor}"
          },
          "editorMode": "code",
          "format": "table",
          "rawQuery": true,
          "rawSql": "SELECT DISTINCT \n       job.name AS JobName,\n       activity.run_requested_date AS StartTime,\n       DATEDIFF(SECOND, activity.run_requested_date, GETDATE()) AS RunDurationSeconds\nFROM msdb.dbo.sysjobs AS job\nINNER JOIN msdb.dbo.sysjobactivity AS activity\n    ON job.job_id = activity.job_id\nWHERE activity.run_requested_date IS NOT NULL\n  AND activity.stop_execution_date IS NULL\nORDER BY activity.run_requested_date DESC;\n",
          "refId": "A",
          "sql": {
            "columns": [
              {
                "parameters": [],
                "type": "function"
              }
            ],
            "groupBy": [
              {
                "property": {
                  "type": "string"
                },
                "type": "groupBy"
              }
            ],
            "limit": 50
          }
        }
      ],
      "title": "Jobs in progress",
      "type": "table"
    },
    {
      "datasource": {
        "type": "mssql",
        "uid": "${ds_citrixmonitor}"
      },
      "fieldConfig": {
        "defaults": {
          "custom": {
            "align": "center",
            "cellOptions": {
              "type": "auto"
            },
            "inspect": false
          },
          "mappings": [],
          "max": 100,
          "thresholds": {
            "mode": "absolute",
            "steps": [
              {
                "color": "green"
              },
              {
                "color": "red",
                "value": 80
              }
            ]
          }
        },
        "overrides": [
          {
            "matcher": {
              "id": "byName",
              "options": "NextRunDate"
            },
            "properties": [
              {
                "id": "custom.width",
                "value": 120
              }
            ]
          },
          {
            "matcher": {
              "id": "byName",
              "options": "NextRunTime"
            },
            "properties": [
              {
                "id": "custom.width",
                "value": 120
              }
            ]
          },
          {
            "matcher": {
              "id": "byName",
              "options": "JobStatus"
            },
            "properties": [
              {
                "id": "custom.width",
                "value": 120
              },
              {
                "id": "custom.cellOptions",
                "value": {
                  "type": "color-text"
                }
              }
            ]
          },
          {
            "matcher": {
              "id": "byName",
              "options": "JobName"
            },
            "properties": [
              {
                "id": "custom.align",
                "value": "auto"
              }
            ]
          }
        ]
      },
      "gridPos": {
        "h": 6,
        "w": 12,
        "x": 12,
        "y": 48
      },
      "id": 29,
      "options": {
        "cellHeight": "sm",
        "footer": {
          "countRows": false,
          "fields": "",
          "reducer": [
            "sum"
          ],
          "show": false
        },
        "showHeader": true
      },
      "pluginVersion": "12.0.2",
      "targets": [
        {
          "dataset": "_DBA",
          "datasource": {
            "type": "mssql",
            "uid": "${ds_citrixmonitor}"
          },
          "editorMode": "code",
          "format": "table",
          "rawQuery": true,
          "rawSql": "SELECT TOP 20\n       job.name AS JobName,\n       CASE\n           WHEN activity.run_requested_date IS NULL THEN 'Scheduled'\n           ELSE 'Running'\n       END AS JobStatus,\n       schedule.next_run_date AS NextRunDate,\n       schedule.next_run_time AS NextRunTime\nFROM msdb.dbo.sysjobs AS job\nLEFT JOIN msdb.dbo.sysjobactivity AS activity\n    ON job.job_id = activity.job_id\nLEFT JOIN msdb.dbo.sysjobschedules AS schedule\n    ON job.job_id = schedule.job_id\nWHERE activity.stop_execution_date IS NULL  -- Running jobs\n   OR schedule.next_run_date IS NOT NULL       -- Scheduled jobs\nORDER BY schedule.next_run_date, schedule.next_run_time;\n",
          "refId": "A",
          "sql": {
            "columns": [
              {
                "parameters": [],
                "type": "function"
              }
            ],
            "groupBy": [
              {
                "property": {
                  "type": "string"
                },
                "type": "groupBy"
              }
            ],
            "limit": 50
          }
        }
      ],
      "title": "Scheduled and Running Jobs",
      "type": "table"
    },
    {
      "datasource": {
        "type": "mssql",
        "uid": "${ds_citrixmonitor}"
      },
      "description": "",
      "fieldConfig": {
        "defaults": {
          "custom": {
            "align": "center",
            "cellOptions": {
              "type": "auto"
            },
            "inspect": false
          },
          "mappings": [],
          "thresholds": {
            "mode": "absolute",
            "steps": [
              {
                "color": "purple"
              },
              {
                "color": "yellow",
                "value": 20
              },
              {
                "color": "orange",
                "value": 45
              },
              {
                "color": "red",
                "value": 70
              }
            ]
          }
        },
        "overrides": [
          {
            "matcher": {
              "id": "byName",
              "options": "RunDuration"
            },
            "properties": [
              {
                "id": "unit",
                "value": "dtdurations"
              },
              {
                "id": "custom.cellOptions",
                "value": {
                  "mode": "gradient",
                  "type": "color-background"
                }
              },
              {
                "id": "custom.width",
                "value": 120
              }
            ]
          },
          {
            "matcher": {
              "id": "byName",
              "options": "RunDate"
            },
            "properties": [
              {
                "id": "custom.width",
                "value": 90
              }
            ]
          },
          {
            "matcher": {
              "id": "byName",
              "options": "JobName"
            },
            "properties": [
              {
                "id": "custom.align",
                "value": "auto"
              }
            ]
          }
        ]
      },
      "gridPos": {
        "h": 9,
        "w": 8,
        "x": 4,
        "y": 51
      },
      "id": 27,
      "options": {
        "cellHeight": "sm",
        "footer": {
          "countRows": false,
          "fields": "",
          "reducer": [
            "sum"
          ],
          "show": false
        },
        "showHeader": true
      },
      "pluginVersion": "12.0.2",
      "targets": [
        {
          "dataset": "_DBA",
          "datasource": {
            "type": "mssql",
            "uid": "${ds_citrixmonitor}"
          },
          "editorMode": "code",
          "format": "table",
          "rawQuery": true,
          "rawSql": "SELECT job.name AS JobName,\n       run.run_date AS RunDate,\n       run.run_duration AS RunDuration\nFROM msdb.dbo.sysjobs AS job\nINNER JOIN msdb.dbo.sysjobhistory AS run\nON job.job_id = run.job_id\nWHERE run.step_id = 0  -- 0 indicates job level information\nORDER BY run.run_date DESC\n",
          "refId": "A",
          "sql": {
            "columns": [
              {
                "parameters": [],
                "type": "function"
              }
            ],
            "groupBy": [
              {
                "property": {
                  "type": "string"
                },
                "type": "groupBy"
              }
            ],
            "limit": 50
          }
        }
      ],
      "title": "Job Execution History Duration",
      "type": "table"
    },
    {
      "datasource": {
        "type": "mssql",
        "uid": "${ds_citrixmonitor}"
      },
      "fieldConfig": {
        "defaults": {
          "custom": {
            "align": "center",
            "cellOptions": {
              "type": "auto"
            },
            "inspect": false
          },
          "mappings": [],
          "thresholds": {
            "mode": "absolute",
            "steps": [
              {
                "color": "green"
              },
              {
                "color": "red",
                "value": 80
              }
            ]
          }
        },
        "overrides": [
          {
            "matcher": {
              "id": "byName",
              "options": "RunDate"
            },
            "properties": [
              {
                "id": "custom.width",
                "value": 120
              }
            ]
          },
          {
            "matcher": {
              "id": "byName",
              "options": "RunTime"
            },
            "properties": [
              {
                "id": "custom.width",
                "value": 100
              }
            ]
          },
          {
            "matcher": {
              "id": "byName",
              "options": "RunDuration"
            },
            "properties": [
              {
                "id": "custom.width",
                "value": 100
              }
            ]
          },
          {
            "matcher": {
              "id": "byName",
              "options": "JobName"
            },
            "properties": [
              {
                "id": "custom.align",
                "value": "auto"
              }
            ]
          }
        ]
      },
      "gridPos": {
        "h": 6,
        "w": 12,
        "x": 12,
        "y": 54
      },
      "id": 28,
      "options": {
        "cellHeight": "sm",
        "footer": {
          "countRows": false,
          "fields": "",
          "reducer": [
            "sum"
          ],
          "show": false
        },
        "showHeader": true
      },
      "pluginVersion": "12.0.2",
      "targets": [
        {
          "dataset": "_DBA",
          "datasource": {
            "type": "mssql",
            "uid": "${ds_citrixmonitor}"
          },
          "editorMode": "code",
          "format": "table",
          "rawQuery": true,
          "rawSql": "SELECT job.name AS JobName,\n       run.run_date AS RunDate,\n       run.run_time AS RunTime,\n       run.run_duration AS RunDuration,\n       run.message AS ErrorMessage\nFROM msdb.dbo.sysjobs AS job\nINNER JOIN msdb.dbo.sysjobhistory AS run\nON job.job_id = run.job_id\nWHERE run.run_status = 0  -- 0 indicates failure\nORDER BY run.run_date DESC\n",
          "refId": "A",
          "sql": {
            "columns": [
              {
                "parameters": [],
                "type": "function"
              }
            ],
            "groupBy": [
              {
                "property": {
                  "type": "string"
                },
                "type": "groupBy"
              }
            ],
            "limit": 50
          }
        }
      ],
      "title": "Failed Jobs Overview",
      "type": "table"
    }
  ],
  "preload": false,
  "refresh": "5s",
  "schemaVersion": 41,
  "tags": [],
  "templating": {
    "list": [
      {
        "current": {
          "text": "citrix-monitor",
          "value": "PAF719D936019406A"
        },
        "name": "ds_citrixmonitor",
        "options": [],
        "query": "mssql",
        "refresh": 1,
        "regex": "",
        "type": "datasource"
      }
    ]
  },
  "time": {
    "from": "now-3h",
    "to": "now"
  },
  "timepicker": {},
  "timezone": "",
  "title": "Citrix DB Dashboard",
  "uid": "bff36b75-3eae-44b8-123-citrixsqldb-00000",
  "version": 1
}